user_id,item_id,timestamp,state_label,comma_separated_list_of_features
0,0,0,1.0,1.0
0,1,1,1.0,1.0
0,2,2,1.0,1.0
0,3,3,1.0,1.0
0,4,4,1.0,1.0
0,5,5,1.0,1.0
0,6,6,1.0,1.0
0,7,7,1.0,1.0
1,0,1,1.0,1.0
1,1,2,1.0,1.0
1,2,3,1.0,1.0
1,3,4,1.0,1.0
1,4,5,1.0,1.0
1,5,6,1.0,1.0
1,6,7,1.0,1.0
1,7,0,1.0,1.0
2,0,2,1.0,1.0
2,1,3,1.0,1.0
2,2,4,1.0,1.0
2,3,5,1.0,1.0
2,4,6,1.0,1.0
2,5,7,1.0,1.0
2,6,0,1.0,1.0
2,7,1,1.0,1.0
3,0,3,1.0,1.0
3,1,4,1.0,1.0
3,2,5,1.0,1.0
3,3,6,1.0,1.0
3,4,7,1.0,1.0
3,5,0,1.0,1.0
3,6,1,1.0,1.0
3,7,2,1.0,1.0
4,0,4,1.0,1.0
4,1,5,1.0,1.0
4,2,6,1.0,1.0
4,3,7,1.0,1.0
4,4,0,1.0,1.0
4,5,1,1.0,1.0
4,6,2,1.0,1.0
4,7,3,1.0,1.0
5,0,5,1.0,1.0
5,1,6,1.0,1.0
5,2,7,1.0,1.0
5,3,0,1.0,1.0
5,4,1,1.0,1.0
5,5,2,1.0,1.0
5,6,3,1.0,1.0
5,7,4,1.0,1.0
6,0,6,1.0,1.0
6,1,7,1.0,1.0
6,2,0,1.0,1.0
6,3,1,1.0,1.0
6,4,2,1.0,1.0
6,5,3,1.0,1.0
6,6,4,1.0,1.0
6,7,5,1.0,1.0
7,0,7,1.0,1.0
7,1,0,1.0,1.0
7,2,1,1.0,1.0
7,3,2,1.0,1.0
7,4,3,1.0,1.0
7,5,4,1.0,1.0
7,6,5,1.0,1.0
7,7,6,1.0,1.0
0,0,8,1.0,1.0
0,1,9,1.0,1.0
0,2,10,1.0,1.0
0,3,11,1.0,1.0
0,4,12,1.0,1.0
0,5,13,1.0,1.0
0,6,14,1.0,1.0
0,7,15,1.0,1.0
1,0,9,1.0,1.0
1,1,10,1.0,1.0
1,2,11,1.0,1.0
1,3,12,1.0,1.0
1,4,13,1.0,1.0
1,5,14,1.0,1.0
1,6,15,1.0,1.0
1,7,8,1.0,1.0
2,0,10,1.0,1.0
2,1,11,1.0,1.0
2,2,12,1.0,1.0
2,3,13,1.0,1.0
2,4,14,1.0,1.0
2,5,15,1.0,1.0
2,6,8,1.0,1.0
2,7,9,1.0,1.0
3,0,11,1.0,1.0
3,1,12,1.0,1.0
3,2,13,1.0,1.0
3,3,14,1.0,1.0
3,4,15,1.0,1.0
3,5,8,1.0,1.0
3,6,9,1.0,1.0
3,7,10,1.0,1.0
4,0,12,1.0,1.0
4,1,13,1.0,1.0
4,2,14,1.0,1.0
4,3,15,1.0,1.0
4,4,8,1.0,1.0
4,5,9,1.0,1.0
4,6,10,1.0,1.0
4,7,11,1.0,1.0
5,0,13,1.0,1.0
5,1,14,1.0,1.0
5,2,15,1.0,1.0
5,3,8,1.0,1.0
5,4,9,1.0,1.0
5,5,10,1.0,1.0
5,6,11,1.0,1.0
5,7,12,1.0,1.0
6,0,14,1.0,1.0
6,1,15,1.0,1.0
6,2,8,1.0,1.0
6,3,9,1.0,1.0
6,4,10,1.0,1.0
6,5,11,1.0,1.0
6,6,12,1.0,1.0
6,7,13,1.0,1.0
7,0,15,1.0,1.0
7,1,8,1.0,1.0
7,2,9,1.0,1.0
7,3,10,1.0,1.0
7,4,11,1.0,1.0
7,5,12,1.0,1.0
7,6,13,1.0,1.0
7,7,14,1.0,1.0
0,0,16,1.0,1.0
0,1,17,1.0,1.0
0,2,18,1.0,1.0
0,3,19,1.0,1.0
0,4,20,1.0,1.0
0,5,21,1.0,1.0
0,6,22,1.0,1.0
0,7,23,1.0,1.0
1,0,17,1.0,1.0
1,1,18,1.0,1.0
1,2,19,1.0,1.0
1,3,20,1.0,1.0
1,4,21,1.0,1.0
1,5,22,1.0,1.0
1,6,23,1.0,1.0
1,7,16,1.0,1.0
2,0,18,1.0,1.0
2,1,19,1.0,1.0
2,2,20,1.0,1.0
2,3,21,1.0,1.0
2,4,22,1.0,1.0
2,5,23,1.0,1.0
2,6,16,1.0,1.0
2,7,17,1.0,1.0
3,0,19,1.0,1.0
3,1,20,1.0,1.0
3,2,21,1.0,1.0
3,3,22,1.0,1.0
3,4,23,1.0,1.0
3,5,16,1.0,1.0
3,6,17,1.0,1.0
3,7,18,1.0,1.0
4,0,20,1.0,1.0
4,1,21,1.0,1.0
4,2,22,1.0,1.0
4,3,23,1.0,1.0
4,4,16,1.0,1.0
4,5,17,1.0,1.0
4,6,18,1.0,1.0
4,7,19,1.0,1.0
5,0,21,1.0,1.0
5,1,22,1.0,1.0
5,2,23,1.0,1.0
5,3,16,1.0,1.0
5,4,17,1.0,1.0
5,5,18,1.0,1.0
5,6,19,1.0,1.0
5,7,20,1.0,1.0
6,0,22,1.0,1.0
6,1,23,1.0,1.0
6,2,16,1.0,1.0
6,3,17,1.0,1.0
6,4,18,1.0,1.0
6,5,19,1.0,1.0
6,6,20,1.0,1.0
6,7,21,1.0,1.0
7,0,23,1.0,1.0
7,1,16,1.0,1.0
7,2,17,1.0,1.0
7,3,18,1.0,1.0
7,4,19,1.0,1.0
7,5,20,1.0,1.0
7,6,21,1.0,1.0
7,7,22,1.0,1.0
0,0,24,1.0,1.0
0,1,25,1.0,1.0
0,2,26,1.0,1.0
0,3,27,1.0,1.0
0,4,28,1.0,1.0
0,5,29,1.0,1.0
0,6,30,1.0,1.0
0,7,31,1.0,1.0
1,0,25,1.0,1.0
1,1,26,1.0,1.0
1,2,27,1.0,1.0
1,3,28,1.0,1.0
1,4,29,1.0,1.0
1,5,30,1.0,1.0
1,6,31,1.0,1.0
1,7,24,1.0,1.0
2,0,26,1.0,1.0
2,1,27,1.0,1.0
2,2,28,1.0,1.0
2,3,29,1.0,1.0
2,4,30,1.0,1.0
2,5,31,1.0,1.0
2,6,24,1.0,1.0
2,7,25,1.0,1.0
3,0,27,1.0,1.0
3,1,28,1.0,1.0
3,2,29,1.0,1.0
3,3,30,1.0,1.0
3,4,31,1.0,1.0
3,5,24,1.0,1.0
3,6,25,1.0,1.0
3,7,26,1.0,1.0
4,0,28,1.0,1.0
4,1,29,1.0,1.0
4,2,30,1.0,1.0
4,3,31,1.0,1.0
4,4,24,1.0,1.0
4,5,25,1.0,1.0
4,6,26,1.0,1.0
4,7,27,1.0,1.0
5,0,29,1.0,1.0
5,1,30,1.0,1.0
5,2,31,1.0,1.0
5,3,24,1.0,1.0
5,4,25,1.0,1.0
5,5,26,1.0,1.0
5,6,27,1.0,1.0
5,7,28,1.0,1.0
6,0,30,1.0,1.0
6,1,31,1.0,1.0
6,2,24,1.0,1.0
6,3,25,1.0,1.0
6,4,26,1.0,1.0
6,5,27,1.0,1.0
6,6,28,1.0,1.0
6,7,29,1.0,1.0
7,0,31,1.0,1.0
7,1,24,1.0,1.0
7,2,25,1.0,1.0
7,3,26,1.0,1.0
7,4,27,1.0,1.0
7,5,28,1.0,1.0
7,6,29,1.0,1.0
7,7,30,1.0,1.0
0,0,32,1.0,1.0
0,1,33,1.0,1.0
0,2,34,1.0,1.0
0,3,35,1.0,1.0
0,4,36,1.0,1.0
0,5,37,1.0,1.0
0,6,38,1.0,1.0
0,7,39,1.0,1.0
1,0,33,1.0,1.0
1,1,34,1.0,1.0
1,2,35,1.0,1.0
1,3,36,1.0,1.0
1,4,37,1.0,1.0
1,5,38,1.0,1.0
1,6,39,1.0,1.0
1,7,32,1.0,1.0
2,0,34,1.0,1.0
2,1,35,1.0,1.0
2,2,36,1.0,1.0
2,3,37,1.0,1.0
2,4,38,1.0,1.0
2,5,39,1.0,1.0
2,6,32,1.0,1.0
2,7,33,1.0,1.0
3,0,35,1.0,1.0
3,1,36,1.0,1.0
3,2,37,1.0,1.0
3,3,38,1.0,1.0
3,4,39,1.0,1.0
3,5,32,1.0,1.0
3,6,33,1.0,1.0
3,7,34,1.0,1.0
4,0,36,1.0,1.0
4,1,37,1.0,1.0
4,2,38,1.0,1.0
4,3,39,1.0,1.0
4,4,32,1.0,1.0
4,5,33,1.0,1.0
4,6,34,1.0,1.0
4,7,35,1.0,1.0
5,0,37,1.0,1.0
5,1,38,1.0,1.0
5,2,39,1.0,1.0
5,3,32,1.0,1.0
5,4,33,1.0,1.0
5,5,34,1.0,1.0
5,6,35,1.0,1.0
5,7,36,1.0,1.0
6,0,38,1.0,1.0
6,1,39,1.0,1.0
6,2,32,1.0,1.0
6,3,33,1.0,1.0
6,4,34,1.0,1.0
6,5,35,1.0,1.0
6,6,36,1.0,1.0
6,7,37,1.0,1.0
7,0,39,1.0,1.0
7,1,32,1.0,1.0
7,2,33,1.0,1.0
7,3,34,1.0,1.0
7,4,35,1.0,1.0
7,5,36,1.0,1.0
7,6,37,1.0,1.0
7,7,38,1.0,1.0
0,0,40,1.0,1.0
0,1,41,1.0,1.0
0,2,42,1.0,1.0
0,3,43,1.0,1.0
0,4,44,1.0,1.0
0,5,45,1.0,1.0
0,6,46,1.0,1.0
0,7,47,1.0,1.0
1,0,41,1.0,1.0
1,1,42,1.0,1.0
1,2,43,1.0,1.0
1,3,44,1.0,1.0
1,4,45,1.0,1.0
1,5,46,1.0,1.0
1,6,47,1.0,1.0
1,7,40,1.0,1.0
2,0,42,1.0,1.0
2,1,43,1.0,1.0
2,2,44,1.0,1.0
2,3,45,1.0,1.0
2,4,46,1.0,1.0
2,5,47,1.0,1.0
2,6,40,1.0,1.0
2,7,41,1.0,1.0
3,0,43,1.0,1.0
3,1,44,1.0,1.0
3,2,45,1.0,1.0
3,3,46,1.0,1.0
3,4,47,1.0,1.0
3,5,40,1.0,1.0
3,6,41,1.0,1.0
3,7,42,1.0,1.0
4,0,44,1.0,1.0
4,1,45,1.0,1.0
4,2,46,1.0,1.0
4,3,47,1.0,1.0
4,4,40,1.0,1.0
4,5,41,1.0,1.0
4,6,42,1.0,1.0
4,7,43,1.0,1.0
5,0,45,1.0,1.0
5,1,46,1.0,1.0
5,2,47,1.0,1.0
5,3,40,1.0,1.0
5,4,41,1.0,1.0
5,5,42,1.0,1.0
5,6,43,1.0,1.0
5,7,44,1.0,1.0
6,0,46,1.0,1.0
6,1,47,1.0,1.0
6,2,40,1.0,1.0
6,3,41,1.0,1.0
6,4,42,1.0,1.0
6,5,43,1.0,1.0
6,6,44,1.0,1.0
6,7,45,1.0,1.0
7,0,47,1.0,1.0
7,1,40,1.0,1.0
7,2,41,1.0,1.0
7,3,42,1.0,1.0
7,4,43,1.0,1.0
7,5,44,1.0,1.0
7,6,45,1.0,1.0
7,7,46,1.0,1.0
0,0,48,1.0,1.0
0,1,49,1.0,1.0
0,2,50,1.0,1.0
0,3,51,1.0,1.0
0,4,52,1.0,1.0
0,5,53,1.0,1.0
0,6,54,1.0,1.0
0,7,55,1.0,1.0
1,0,49,1.0,1.0
1,1,50,1.0,1.0
1,2,51,1.0,1.0
1,3,52,1.0,1.0
1,4,53,1.0,1.0
1,5,54,1.0,1.0
1,6,55,1.0,1.0
1,7,48,1.0,1.0
2,0,50,1.0,1.0
2,1,51,1.0,1.0
2,2,52,1.0,1.0
2,3,53,1.0,1.0
2,4,54,1.0,1.0
2,5,55,1.0,1.0
2,6,48,1.0,1.0
2,7,49,1.0,1.0
3,0,51,1.0,1.0
3,1,52,1.0,1.0
3,2,53,1.0,1.0
3,3,54,1.0,1.0
3,4,55,1.0,1.0
3,5,48,1.0,1.0
3,6,49,1.0,1.0
3,7,50,1.0,1.0
4,0,52,1.0,1.0
4,1,53,1.0,1.0
4,2,54,1.0,1.0
4,3,55,1.0,1.0
4,4,48,1.0,1.0
4,5,49,1.0,1.0
4,6,50,1.0,1.0
4,7,51,1.0,1.0
5,0,53,1.0,1.0
5,1,54,1.0,1.0
5,2,55,1.0,1.0
5,3,48,1.0,1.0
5,4,49,1.0,1.0
5,5,50,1.0,1.0
5,6,51,1.0,1.0
5,7,52,1.0,1.0
6,0,54,1.0,1.0
6,1,55,1.0,1.0
6,2,48,1.0,1.0
6,3,49,1.0,1.0
6,4,50,1.0,1.0
6,5,51,1.0,1.0
6,6,52,1.0,1.0
6,7,53,1.0,1.0
7,0,55,1.0,1.0
7,1,48,1.0,1.0
7,2,49,1.0,1.0
7,3,50,1.0,1.0
7,4,51,1.0,1.0
7,5,52,1.0,1.0
7,6,53,1.0,1.0
7,7,54,1.0,1.0
0,0,56,1.0,1.0
0,1,57,1.0,1.0
0,2,58,1.0,1.0
0,3,59,1.0,1.0
0,4,60,1.0,1.0
0,5,61,1.0,1.0
0,6,62,1.0,1.0
0,7,63,1.0,1.0
1,0,57,1.0,1.0
1,1,58,1.0,1.0
1,2,59,1.0,1.0
1,3,60,1.0,1.0
1,4,61,1.0,1.0
1,5,62,1.0,1.0
1,6,63,1.0,1.0
1,7,56,1.0,1.0
2,0,58,1.0,1.0
2,1,59,1.0,1.0
2,2,60,1.0,1.0
2,3,61,1.0,1.0
2,4,62,1.0,1.0
2,5,63,1.0,1.0
2,6,56,1.0,1.0
2,7,57,1.0,1.0
3,0,59,1.0,1.0
3,1,60,1.0,1.0
3,2,61,1.0,1.0
3,3,62,1.0,1.0
3,4,63,1.0,1.0
3,5,56,1.0,1.0
3,6,57,1.0,1.0
3,7,58,1.0,1.0
4,0,60,1.0,1.0
4,1,61,1.0,1.0
4,2,62,1.0,1.0
4,3,63,1.0,1.0
4,4,56,1.0,1.0
4,5,57,1.0,1.0
4,6,58,1.0,1.0
4,7,59,1.0,1.0
5,0,61,1.0,1.0
5,1,62,1.0,1.0
5,2,63,1.0,1.0
5,3,56,1.0,1.0
5,4,57,1.0,1.0
5,5,58,1.0,1.0
5,6,59,1.0,1.0
5,7,60,1.0,1.0
6,0,62,1.0,1.0
6,1,63,1.0,1.0
6,2,56,1.0,1.0
6,3,57,1.0,1.0
6,4,58,1.0,1.0
6,5,59,1.0,1.0
6,6,60,1.0,1.0
6,7,61,1.0,1.0
7,0,63,1.0,1.0
7,1,56,1.0,1.0
7,2,57,1.0,1.0
7,3,58,1.0,1.0
7,4,59,1.0,1.0
7,5,60,1.0,1.0
7,6,61,1.0,1.0
7,7,62,1.0,1.0
0,0,64,1.0,1.0
0,1,65,1.0,1.0
0,2,66,1.0,1.0
0,3,67,1.0,1.0
0,4,68,1.0,1.0
0,5,69,1.0,1.0
0,6,70,1.0,1.0
0,7,71,1.0,1.0
1,0,65,1.0,1.0
1,1,66,1.0,1.0
1,2,67,1.0,1.0
1,3,68,1.0,1.0
1,4,69,1.0,1.0
1,5,70,1.0,1.0
1,6,71,1.0,1.0
1,7,64,1.0,1.0
2,0,66,1.0,1.0
2,1,67,1.0,1.0
2,2,68,1.0,1.0
2,3,69,1.0,1.0
2,4,70,1.0,1.0
2,5,71,1.0,1.0
2,6,64,1.0,1.0
2,7,65,1.0,1.0
3,0,67,1.0,1.0
3,1,68,1.0,1.0
3,2,69,1.0,1.0
3,3,70,1.0,1.0
3,4,71,1.0,1.0
3,5,64,1.0,1.0
3,6,65,1.0,1.0
3,7,66,1.0,1.0
4,0,68,1.0,1.0
4,1,69,1.0,1.0
4,2,70,1.0,1.0
4,3,71,1.0,1.0
4,4,64,1.0,1.0
4,5,65,1.0,1.0
4,6,66,1.0,1.0
4,7,67,1.0,1.0
5,0,69,1.0,1.0
5,1,70,1.0,1.0
5,2,71,1.0,1.0
5,3,64,1.0,1.0
5,4,65,1.0,1.0
5,5,66,1.0,1.0
5,6,67,1.0,1.0
5,7,68,1.0,1.0
6,0,70,1.0,1.0
6,1,71,1.0,1.0
6,2,64,1.0,1.0
6,3,65,1.0,1.0
6,4,66,1.0,1.0
6,5,67,1.0,1.0
6,6,68,1.0,1.0
6,7,69,1.0,1.0
7,0,71,1.0,1.0
7,1,64,1.0,1.0
7,2,65,1.0,1.0
7,3,66,1.0,1.0
7,4,67,1.0,1.0
7,5,68,1.0,1.0
7,6,69,1.0,1.0
7,7,70,1.0,1.0
0,0,72,1.0,1.0
0,1,73,1.0,1.0
0,2,74,1.0,1.0
0,3,75,1.0,1.0
0,4,76,1.0,1.0
0,5,77,1.0,1.0
0,6,78,1.0,1.0
0,7,79,1.0,1.0
1,0,73,1.0,1.0
1,1,74,1.0,1.0
1,2,75,1.0,1.0
1,3,76,1.0,1.0
1,4,77,1.0,1.0
1,5,78,1.0,1.0
1,6,79,1.0,1.0
1,7,72,1.0,1.0
2,0,74,1.0,1.0
2,1,75,1.0,1.0
2,2,76,1.0,1.0
2,3,77,1.0,1.0
2,4,78,1.0,1.0
2,5,79,1.0,1.0
2,6,72,1.0,1.0
2,7,73,1.0,1.0
3,0,75,1.0,1.0
3,1,76,1.0,1.0
3,2,77,1.0,1.0
3,3,78,1.0,1.0
3,4,79,1.0,1.0
3,5,72,1.0,1.0
3,6,73,1.0,1.0
3,7,74,1.0,1.0
4,0,76,1.0,1.0
4,1,77,1.0,1.0
4,2,78,1.0,1.0
4,3,79,1.0,1.0
4,4,72,1.0,1.0
4,5,73,1.0,1.0
4,6,74,1.0,1.0
4,7,75,1.0,1.0
5,0,77,1.0,1.0
5,1,78,1.0,1.0
5,2,79,1.0,1.0
5,3,72,1.0,1.0
5,4,73,1.0,1.0
5,5,74,1.0,1.0
5,6,75,1.0,1.0
5,7,76,1.0,1.0
6,0,78,1.0,1.0
6,1,79,1.0,1.0
6,2,72,1.0,1.0
6,3,73,1.0,1.0
6,4,74,1.0,1.0
6,5,75,1.0,1.0
6,6,76,1.0,1.0
6,7,77,1.0,1.0
7,0,79,1.0,1.0
7,1,72,1.0,1.0
7,2,73,1.0,1.0
7,3,74,1.0,1.0
7,4,75,1.0,1.0
7,5,76,1.0,1.0
7,6,77,1.0,1.0
7,7,78,1.0,1.0
0,0,80,1.0,1.0
0,1,81,1.0,1.0
0,2,82,1.0,1.0
0,3,83,1.0,1.0
0,4,84,1.0,1.0
0,5,85,1.0,1.0
0,6,86,1.0,1.0
0,7,87,1.0,1.0
1,0,81,1.0,1.0
1,1,82,1.0,1.0
1,2,83,1.0,1.0
1,3,84,1.0,1.0
1,4,85,1.0,1.0
1,5,86,1.0,1.0
1,6,87,1.0,1.0
1,7,80,1.0,1.0
2,0,82,1.0,1.0
2,1,83,1.0,1.0
2,2,84,1.0,1.0
2,3,85,1.0,1.0
2,4,86,1.0,1.0
2,5,87,1.0,1.0
2,6,80,1.0,1.0
2,7,81,1.0,1.0
3,0,83,1.0,1.0
3,1,84,1.0,1.0
3,2,85,1.0,1.0
3,3,86,1.0,1.0
3,4,87,1.0,1.0
3,5,80,1.0,1.0
3,6,81,1.0,1.0
3,7,82,1.0,1.0
4,0,84,1.0,1.0
4,1,85,1.0,1.0
4,2,86,1.0,1.0
4,3,87,1.0,1.0
4,4,80,1.0,1.0
4,5,81,1.0,1.0
4,6,82,1.0,1.0
4,7,83,1.0,1.0
5,0,85,1.0,1.0
5,1,86,1.0,1.0
5,2,87,1.0,1.0
5,3,80,1.0,1.0
5,4,81,1.0,1.0
5,5,82,1.0,1.0
5,6,83,1.0,1.0
5,7,84,1.0,1.0
6,0,86,1.0,1.0
6,1,87,1.0,1.0
6,2,80,1.0,1.0
6,3,81,1.0,1.0
6,4,82,1.0,1.0
6,5,83,1.0,1.0
6,6,84,1.0,1.0
6,7,85,1.0,1.0
7,0,87,1.0,1.0
7,1,80,1.0,1.0
7,2,81,1.0,1.0
7,3,82,1.0,1.0
7,4,83,1.0,1.0
7,5,84,1.0,1.0
7,6,85,1.0,1.0
7,7,86,1.0,1.0
0,0,88,1.0,1.0
0,1,89,1.0,1.0
0,2,90,1.0,1.0
0,3,91,1.0,1.0
0,4,92,1.0,1.0
0,5,93,1.0,1.0
0,6,94,1.0,1.0
0,7,95,1.0,1.0
1,0,89,1.0,1.0
1,1,90,1.0,1.0
1,2,91,1.0,1.0
1,3,92,1.0,1.0
1,4,93,1.0,1.0
1,5,94,1.0,1.0
1,6,95,1.0,1.0
1,7,88,1.0,1.0
2,0,90,1.0,1.0
2,1,91,1.0,1.0
2,2,92,1.0,1.0
2,3,93,1.0,1.0
2,4,94,1.0,1.0
2,5,95,1.0,1.0
2,6,88,1.0,1.0
2,7,89,1.0,1.0
3,0,91,1.0,1.0
3,1,92,1.0,1.0
3,2,93,1.0,1.0
3,3,94,1.0,1.0
3,4,95,1.0,1.0
3,5,88,1.0,1.0
3,6,89,1.0,1.0
3,7,90,1.0,1.0
4,0,92,1.0,1.0
4,1,93,1.0,1.0
4,2,94,1.0,1.0
4,3,95,1.0,1.0
4,4,88,1.0,1.0
4,5,89,1.0,1.0
4,6,90,1.0,1.0
4,7,91,1.0,1.0
5,0,93,1.0,1.0
5,1,94,1.0,1.0
5,2,95,1.0,1.0
5,3,88,1.0,1.0
5,4,89,1.0,1.0
5,5,90,1.0,1.0
5,6,91,1.0,1.0
5,7,92,1.0,1.0
6,0,94,1.0,1.0
6,1,95,1.0,1.0
6,2,88,1.0,1.0
6,3,89,1.0,1.0
6,4,90,1.0,1.0
6,5,91,1.0,1.0
6,6,92,1.0,1.0
6,7,93,1.0,1.0
7,0,95,1.0,1.0
7,1,88,1.0,1.0
7,2,89,1.0,1.0
7,3,90,1.0,1.0
7,4,91,1.0,1.0
7,5,92,1.0,1.0
7,6,93,1.0,1.0
7,7,94,1.0,1.0
0,0,96,1.0,1.0
0,1,97,1.0,1.0
0,2,98,1.0,1.0
0,3,99,1.0,1.0
0,4,100,1.0,1.0
0,5,101,1.0,1.0
0,6,102,1.0,1.0
0,7,103,1.0,1.0
1,0,97,1.0,1.0
1,1,98,1.0,1.0
1,2,99,1.0,1.0
1,3,100,1.0,1.0
1,4,101,1.0,1.0
1,5,102,1.0,1.0
1,6,103,1.0,1.0
1,7,96,1.0,1.0
2,0,98,1.0,1.0
2,1,99,1.0,1.0
2,2,100,1.0,1.0
2,3,101,1.0,1.0
2,4,102,1.0,1.0
2,5,103,1.0,1.0
2,6,96,1.0,1.0
2,7,97,1.0,1.0
3,0,99,1.0,1.0
3,1,100,1.0,1.0
3,2,101,1.0,1.0
3,3,102,1.0,1.0
3,4,103,1.0,1.0
3,5,96,1.0,1.0
3,6,97,1.0,1.0
3,7,98,1.0,1.0
4,0,100,1.0,1.0
4,1,101,1.0,1.0
4,2,102,1.0,1.0
4,3,103,1.0,1.0
4,4,96,1.0,1.0
4,5,97,1.0,1.0
4,6,98,1.0,1.0
4,7,99,1.0,1.0
5,0,101,1.0,1.0
5,1,102,1.0,1.0
5,2,103,1.0,1.0
5,3,96,1.0,1.0
5,4,97,1.0,1.0
5,5,98,1.0,1.0
5,6,99,1.0,1.0
5,7,100,1.0,1.0
6,0,102,1.0,1.0
6,1,103,1.0,1.0
6,2,96,1.0,1.0
6,3,97,1.0,1.0
6,4,98,1.0,1.0
6,5,99,1.0,1.0
6,6,100,1.0,1.0
6,7,101,1.0,1.0
7,0,103,1.0,1.0
7,1,96,1.0,1.0
7,2,97,1.0,1.0
7,3,98,1.0,1.0
7,4,99,1.0,1.0
7,5,100,1.0,1.0
7,6,101,1.0,1.0
7,7,102,1.0,1.0
0,0,104,1.0,1.0
0,1,105,1.0,1.0
0,2,106,1.0,1.0
0,3,107,1.0,1.0
0,4,108,1.0,1.0
0,5,109,1.0,1.0
0,6,110,1.0,1.0
0,7,111,1.0,1.0
1,0,105,1.0,1.0
1,1,106,1.0,1.0
1,2,107,1.0,1.0
1,3,108,1.0,1.0
1,4,109,1.0,1.0
1,5,110,1.0,1.0
1,6,111,1.0,1.0
1,7,104,1.0,1.0
2,0,106,1.0,1.0
2,1,107,1.0,1.0
2,2,108,1.0,1.0
2,3,109,1.0,1.0
2,4,110,1.0,1.0
2,5,111,1.0,1.0
2,6,104,1.0,1.0
2,7,105,1.0,1.0
3,0,107,1.0,1.0
3,1,108,1.0,1.0
3,2,109,1.0,1.0
3,3,110,1.0,1.0
3,4,111,1.0,1.0
3,5,104,1.0,1.0
3,6,105,1.0,1.0
3,7,106,1.0,1.0
4,0,108,1.0,1.0
4,1,109,1.0,1.0
4,2,110,1.0,1.0
4,3,111,1.0,1.0
4,4,104,1.0,1.0
4,5,105,1.0,1.0
4,6,106,1.0,1.0
4,7,107,1.0,1.0
5,0,109,1.0,1.0
5,1,110,1.0,1.0
5,2,111,1.0,1.0
5,3,104,1.0,1.0
5,4,105,1.0,1.0
5,5,106,1.0,1.0
5,6,107,1.0,1.0
5,7,108,1.0,1.0
6,0,110,1.0,1.0
6,1,111,1.0,1.0
6,2,104,1.0,1.0
6,3,105,1.0,1.0
6,4,106,1.0,1.0
6,5,107,1.0,1.0
6,6,108,1.0,1.0
6,7,109,1.0,1.0
7,0,111,1.0,1.0
7,1,104,1.0,1.0
7,2,105,1.0,1.0
7,3,106,1.0,1.0
7,4,107,1.0,1.0
7,5,108,1.0,1.0
7,6,109,1.0,1.0
7,7,110,1.0,1.0
0,0,112,1.0,1.0
0,1,113,1.0,1.0
0,2,114,1.0,1.0
0,3,115,1.0,1.0
0,4,116,1.0,1.0
0,5,117,1.0,1.0
0,6,118,1.0,1.0
0,7,119,1.0,1.0
1,0,113,1.0,1.0
1,1,114,1.0,1.0
1,2,115,1.0,1.0
1,3,116,1.0,1.0
1,4,117,1.0,1.0
1,5,118,1.0,1.0
1,6,119,1.0,1.0
1,7,112,1.0,1.0
2,0,114,1.0,1.0
2,1,115,1.0,1.0
2,2,116,1.0,1.0
2,3,117,1.0,1.0
2,4,118,1.0,1.0
2,5,119,1.0,1.0
2,6,112,1.0,1.0
2,7,113,1.0,1.0
3,0,115,1.0,1.0
3,1,116,1.0,1.0
3,2,117,1.0,1.0
3,3,118,1.0,1.0
3,4,119,1.0,1.0
3,5,112,1.0,1.0
3,6,113,1.0,1.0
3,7,114,1.0,1.0
4,0,116,1.0,1.0
4,1,117,1.0,1.0
4,2,118,1.0,1.0
4,3,119,1.0,1.0
4,4,112,1.0,1.0
4,5,113,1.0,1.0
4,6,114,1.0,1.0
4,7,115,1.0,1.0
5,0,117,1.0,1.0
5,1,118,1.0,1.0
5,2,119,1.0,1.0
5,3,112,1.0,1.0
5,4,113,1.0,1.0
5,5,114,1.0,1.0
5,6,115,1.0,1.0
5,7,116,1.0,1.0
6,0,118,1.0,1.0
6,1,119,1.0,1.0
6,2,112,1.0,1.0
6,3,113,1.0,1.0
6,4,114,1.0,1.0
6,5,115,1.0,1.0
6,6,116,1.0,1.0
6,7,117,1.0,1.0
7,0,119,1.0,1.0
7,1,112,1.0,1.0
7,2,113,1.0,1.0
7,3,114,1.0,1.0
7,4,115,1.0,1.0
7,5,116,1.0,1.0
7,6,117,1.0,1.0
7,7,118,1.0,1.0
0,0,120,1.0,1.0
0,1,121,1.0,1.0
0,2,122,1.0,1.0
0,3,123,1.0,1.0
0,4,124,1.0,1.0
0,5,125,1.0,1.0
0,6,126,1.0,1.0
0,7,127,1.0,1.0
1,0,121,1.0,1.0
1,1,122,1.0,1.0
1,2,123,1.0,1.0
1,3,124,1.0,1.0
1,4,125,1.0,1.0
1,5,126,1.0,1.0
1,6,127,1.0,1.0
1,7,120,1.0,1.0
2,0,122,1.0,1.0
2,1,123,1.0,1.0
2,2,124,1.0,1.0
2,3,125,1.0,1.0
2,4,126,1.0,1.0
2,5,127,1.0,1.0
2,6,120,1.0,1.0
2,7,121,1.0,1.0
3,0,123,1.0,1.0
3,1,124,1.0,1.0
3,2,125,1.0,1.0
3,3,126,1.0,1.0
3,4,127,1.0,1.0
3,5,120,1.0,1.0
3,6,121,1.0,1.0
3,7,122,1.0,1.0
4,0,124,1.0,1.0
4,1,125,1.0,1.0
4,2,126,1.0,1.0
4,3,127,1.0,1.0
4,4,120,1.0,1.0
4,5,121,1.0,1.0
4,6,122,1.0,1.0
4,7,123,1.0,1.0
5,0,125,1.0,1.0
5,1,126,1.0,1.0
5,2,127,1.0,1.0
5,3,120,1.0,1.0
5,4,121,1.0,1.0
5,5,122,1.0,1.0
5,6,123,1.0,1.0
5,7,124,1.0,1.0
6,0,126,1.0,1.0
6,1,127,1.0,1.0
6,2,120,1.0,1.0
6,3,121,1.0,1.0
6,4,122,1.0,1.0
6,5,123,1.0,1.0
6,6,124,1.0,1.0
6,7,125,1.0,1.0
7,0,127,1.0,1.0
7,1,120,1.0,1.0
7,2,121,1.0,1.0
7,3,122,1.0,1.0
7,4,123,1.0,1.0
7,5,124,1.0,1.0
7,6,125,1.0,1.0
7,7,126,1.0,1.0
0,0,128,1.0,1.0
0,1,129,1.0,1.0
0,2,130,1.0,1.0
0,3,131,1.0,1.0
0,4,132,1.0,1.0
0,5,133,1.0,1.0
0,6,134,1.0,1.0
0,7,135,1.0,1.0
1,0,129,1.0,1.0
1,1,130,1.0,1.0
1,2,131,1.0,1.0
1,3,132,1.0,1.0
1,4,133,1.0,1.0
1,5,134,1.0,1.0
1,6,135,1.0,1.0
1,7,128,1.0,1.0
2,0,130,1.0,1.0
2,1,131,1.0,1.0
2,2,132,1.0,1.0
2,3,133,1.0,1.0
2,4,134,1.0,1.0
2,5,135,1.0,1.0
2,6,128,1.0,1.0
2,7,129,1.0,1.0
3,0,131,1.0,1.0
3,1,132,1.0,1.0
3,2,133,1.0,1.0
3,3,134,1.0,1.0
3,4,135,1.0,1.0
3,5,128,1.0,1.0
3,6,129,1.0,1.0
3,7,130,1.0,1.0
4,0,132,1.0,1.0
4,1,133,1.0,1.0
4,2,134,1.0,1.0
4,3,135,1.0,1.0
4,4,128,1.0,1.0
4,5,129,1.0,1.0
4,6,130,1.0,1.0
4,7,131,1.0,1.0
5,0,133,1.0,1.0
5,1,134,1.0,1.0
5,2,135,1.0,1.0
5,3,128,1.0,1.0
5,4,129,1.0,1.0
5,5,130,1.0,1.0
5,6,131,1.0,1.0
5,7,132,1.0,1.0
6,0,134,1.0,1.0
6,1,135,1.0,1.0
6,2,128,1.0,1.0
6,3,129,1.0,1.0
6,4,130,1.0,1.0
6,5,131,1.0,1.0
6,6,132,1.0,1.0
6,7,133,1.0,1.0
7,0,135,1.0,1.0
7,1,128,1.0,1.0
7,2,129,1.0,1.0
7,3,130,1.0,1.0
7,4,131,1.0,1.0
7,5,132,1.0,1.0
7,6,133,1.0,1.0
7,7,134,1.0,1.0
0,0,136,1.0,1.0
0,1,137,1.0,1.0
0,2,138,1.0,1.0
0,3,139,1.0,1.0
0,4,140,1.0,1.0
0,5,141,1.0,1.0
0,6,142,1.0,1.0
0,7,143,1.0,1.0
1,0,137,1.0,1.0
1,1,138,1.0,1.0
1,2,139,1.0,1.0
1,3,140,1.0,1.0
1,4,141,1.0,1.0
1,5,142,1.0,1.0
1,6,143,1.0,1.0
1,7,136,1.0,1.0
2,0,138,1.0,1.0
2,1,139,1.0,1.0
2,2,140,1.0,1.0
2,3,141,1.0,1.0
2,4,142,1.0,1.0
2,5,143,1.0,1.0
2,6,136,1.0,1.0
2,7,137,1.0,1.0
3,0,139,1.0,1.0
3,1,140,1.0,1.0
3,2,141,1.0,1.0
3,3,142,1.0,1.0
3,4,143,1.0,1.0
3,5,136,1.0,1.0
3,6,137,1.0,1.0
3,7,138,1.0,1.0
4,0,140,1.0,1.0
4,1,141,1.0,1.0
4,2,142,1.0,1.0
4,3,143,1.0,1.0
4,4,136,1.0,1.0
4,5,137,1.0,1.0
4,6,138,1.0,1.0
4,7,139,1.0,1.0
5,0,141,1.0,1.0
5,1,142,1.0,1.0
5,2,143,1.0,1.0
5,3,136,1.0,1.0
5,4,137,1.0,1.0
5,5,138,1.0,1.0
5,6,139,1.0,1.0
5,7,140,1.0,1.0
6,0,142,1.0,1.0
6,1,143,1.0,1.0
6,2,136,1.0,1.0
6,3,137,1.0,1.0
6,4,138,1.0,1.0
6,5,139,1.0,1.0
6,6,140,1.0,1.0
6,7,141,1.0,1.0
7,0,143,1.0,1.0
7,1,136,1.0,1.0
7,2,137,1.0,1.0
7,3,138,1.0,1.0
7,4,139,1.0,1.0
7,5,140,1.0,1.0
7,6,141,1.0,1.0
7,7,142,1.0,1.0
0,0,144,1.0,1.0
0,1,145,1.0,1.0
0,2,146,1.0,1.0
0,3,147,1.0,1.0
0,4,148,1.0,1.0
0,5,149,1.0,1.0
0,6,150,1.0,1.0
0,7,151,1.0,1.0
1,0,145,1.0,1.0
1,1,146,1.0,1.0
1,2,147,1.0,1.0
1,3,148,1.0,1.0
1,4,149,1.0,1.0
1,5,150,1.0,1.0
1,6,151,1.0,1.0
1,7,144,1.0,1.0
2,0,146,1.0,1.0
2,1,147,1.0,1.0
2,2,148,1.0,1.0
2,3,149,1.0,1.0
2,4,150,1.0,1.0
2,5,151,1.0,1.0
2,6,144,1.0,1.0
2,7,145,1.0,1.0
3,0,147,1.0,1.0
3,1,148,1.0,1.0
3,2,149,1.0,1.0
3,3,150,1.0,1.0
3,4,151,1.0,1.0
3,5,144,1.0,1.0
3,6,145,1.0,1.0
3,7,146,1.0,1.0
4,0,148,1.0,1.0
4,1,149,1.0,1.0
4,2,150,1.0,1.0
4,3,151,1.0,1.0
4,4,144,1.0,1.0
4,5,145,1.0,1.0
4,6,146,1.0,1.0
4,7,147,1.0,1.0
5,0,149,1.0,1.0
5,1,150,1.0,1.0
5,2,151,1.0,1.0
5,3,144,1.0,1.0
5,4,145,1.0,1.0
5,5,146,1.0,1.0
5,6,147,1.0,1.0
5,7,148,1.0,1.0
6,0,150,1.0,1.0
6,1,151,1.0,1.0
6,2,144,1.0,1.0
6,3,145,1.0,1.0
6,4,146,1.0,1.0
6,5,147,1.0,1.0
6,6,148,1.0,1.0
6,7,149,1.0,1.0
7,0,151,1.0,1.0
7,1,144,1.0,1.0
7,2,145,1.0,1.0
7,3,146,1.0,1.0
7,4,147,1.0,1.0
7,5,148,1.0,1.0
7,6,149,1.0,1.0
7,7,150,1.0,1.0
0,0,152,1.0,1.0
0,1,153,1.0,1.0
0,2,154,1.0,1.0
0,3,155,1.0,1.0
0,4,156,1.0,1.0
0,5,157,1.0,1.0
0,6,158,1.0,1.0
0,7,159,1.0,1.0
1,0,153,1.0,1.0
1,1,154,1.0,1.0
1,2,155,1.0,1.0
1,3,156,1.0,1.0
1,4,157,1.0,1.0
1,5,158,1.0,1.0
1,6,159,1.0,1.0
1,7,152,1.0,1.0
2,0,154,1.0,1.0
2,1,155,1.0,1.0
2,2,156,1.0,1.0
2,3,157,1.0,1.0
2,4,158,1.0,1.0
2,5,159,1.0,1.0
2,6,152,1.0,1.0
2,7,153,1.0,1.0
3,0,155,1.0,1.0
3,1,156,1.0,1.0
3,2,157,1.0,1.0
3,3,158,1.0,1.0
3,4,159,1.0,1.0
3,5,152,1.0,1.0
3,6,153,1.0,1.0
3,7,154,1.0,1.0
4,0,156,1.0,1.0
4,1,157,1.0,1.0
4,2,158,1.0,1.0
4,3,159,1.0,1.0
4,4,152,1.0,1.0
4,5,153,1.0,1.0
4,6,154,1.0,1.0
4,7,155,1.0,1.0
5,0,157,1.0,1.0
5,1,158,1.0,1.0
5,2,159,1.0,1.0
5,3,152,1.0,1.0
5,4,153,1.0,1.0
5,5,154,1.0,1.0
5,6,155,1.0,1.0
5,7,156,1.0,1.0
6,0,158,1.0,1.0
6,1,159,1.0,1.0
6,2,152,1.0,1.0
6,3,153,1.0,1.0
6,4,154,1.0,1.0
6,5,155,1.0,1.0
6,6,156,1.0,1.0
6,7,157,1.0,1.0
7,0,159,1.0,1.0
7,1,152,1.0,1.0
7,2,153,1.0,1.0
7,3,154,1.0,1.0
7,4,155,1.0,1.0
7,5,156,1.0,1.0
7,6,157,1.0,1.0
7,7,158,1.0,1.0
0,0,160,1.0,1.0
0,1,161,1.0,1.0
0,2,162,1.0,1.0
0,3,163,1.0,1.0
0,4,164,1.0,1.0
0,5,165,1.0,1.0
0,6,166,1.0,1.0
0,7,167,1.0,1.0
1,0,161,1.0,1.0
1,1,162,1.0,1.0
1,2,163,1.0,1.0
1,3,164,1.0,1.0
1,4,165,1.0,1.0
1,5,166,1.0,1.0
1,6,167,1.0,1.0
1,7,160,1.0,1.0
2,0,162,1.0,1.0
2,1,163,1.0,1.0
2,2,164,1.0,1.0
2,3,165,1.0,1.0
2,4,166,1.0,1.0
2,5,167,1.0,1.0
2,6,160,1.0,1.0
2,7,161,1.0,1.0
3,0,163,1.0,1.0
3,1,164,1.0,1.0
3,2,165,1.0,1.0
3,3,166,1.0,1.0
3,4,167,1.0,1.0
3,5,160,1.0,1.0
3,6,161,1.0,1.0
3,7,162,1.0,1.0
4,0,164,1.0,1.0
4,1,165,1.0,1.0
4,2,166,1.0,1.0
4,3,167,1.0,1.0
4,4,160,1.0,1.0
4,5,161,1.0,1.0
4,6,162,1.0,1.0
4,7,163,1.0,1.0
5,0,165,1.0,1.0
5,1,166,1.0,1.0
5,2,167,1.0,1.0
5,3,160,1.0,1.0
5,4,161,1.0,1.0
5,5,162,1.0,1.0
5,6,163,1.0,1.0
5,7,164,1.0,1.0
6,0,166,1.0,1.0
6,1,167,1.0,1.0
6,2,160,1.0,1.0
6,3,161,1.0,1.0
6,4,162,1.0,1.0
6,5,163,1.0,1.0
6,6,164,1.0,1.0
6,7,165,1.0,1.0
7,0,167,1.0,1.0
7,1,160,1.0,1.0
7,2,161,1.0,1.0
7,3,162,1.0,1.0
7,4,163,1.0,1.0
7,5,164,1.0,1.0
7,6,165,1.0,1.0
7,7,166,1.0,1.0
0,0,168,1.0,1.0
0,1,169,1.0,1.0
0,2,170,1.0,1.0
0,3,171,1.0,1.0
0,4,172,1.0,1.0
0,5,173,1.0,1.0
0,6,174,1.0,1.0
0,7,175,1.0,1.0
1,0,169,1.0,1.0
1,1,170,1.0,1.0
1,2,171,1.0,1.0
1,3,172,1.0,1.0
1,4,173,1.0,1.0
1,5,174,1.0,1.0
1,6,175,1.0,1.0
1,7,168,1.0,1.0
2,0,170,1.0,1.0
2,1,171,1.0,1.0
2,2,172,1.0,1.0
2,3,173,1.0,1.0
2,4,174,1.0,1.0
2,5,175,1.0,1.0
2,6,168,1.0,1.0
2,7,169,1.0,1.0
3,0,171,1.0,1.0
3,1,172,1.0,1.0
3,2,173,1.0,1.0
3,3,174,1.0,1.0
3,4,175,1.0,1.0
3,5,168,1.0,1.0
3,6,169,1.0,1.0
3,7,170,1.0,1.0
4,0,172,1.0,1.0
4,1,173,1.0,1.0
4,2,174,1.0,1.0
4,3,175,1.0,1.0
4,4,168,1.0,1.0
4,5,169,1.0,1.0
4,6,170,1.0,1.0
4,7,171,1.0,1.0
5,0,173,1.0,1.0
5,1,174,1.0,1.0
5,2,175,1.0,1.0
5,3,168,1.0,1.0
5,4,169,1.0,1.0
5,5,170,1.0,1.0
5,6,171,1.0,1.0
5,7,172,1.0,1.0
6,0,174,1.0,1.0
6,1,175,1.0,1.0
6,2,168,1.0,1.0
6,3,169,1.0,1.0
6,4,170,1.0,1.0
6,5,171,1.0,1.0
6,6,172,1.0,1.0
6,7,173,1.0,1.0
7,0,175,1.0,1.0
7,1,168,1.0,1.0
7,2,169,1.0,1.0
7,3,170,1.0,1.0
7,4,171,1.0,1.0
7,5,172,1.0,1.0
7,6,173,1.0,1.0
7,7,174,1.0,1.0
0,0,176,1.0,1.0
0,1,177,1.0,1.0
0,2,178,1.0,1.0
0,3,179,1.0,1.0
0,4,180,1.0,1.0
0,5,181,1.0,1.0
0,6,182,1.0,1.0
0,7,183,1.0,1.0
1,0,177,1.0,1.0
1,1,178,1.0,1.0
1,2,179,1.0,1.0
1,3,180,1.0,1.0
1,4,181,1.0,1.0
1,5,182,1.0,1.0
1,6,183,1.0,1.0
1,7,176,1.0,1.0
2,0,178,1.0,1.0
2,1,179,1.0,1.0
2,2,180,1.0,1.0
2,3,181,1.0,1.0
2,4,182,1.0,1.0
2,5,183,1.0,1.0
2,6,176,1.0,1.0
2,7,177,1.0,1.0
3,0,179,1.0,1.0
3,1,180,1.0,1.0
3,2,181,1.0,1.0
3,3,182,1.0,1.0
3,4,183,1.0,1.0
3,5,176,1.0,1.0
3,6,177,1.0,1.0
3,7,178,1.0,1.0
4,0,180,1.0,1.0
4,1,181,1.0,1.0
4,2,182,1.0,1.0
4,3,183,1.0,1.0
4,4,176,1.0,1.0
4,5,177,1.0,1.0
4,6,178,1.0,1.0
4,7,179,1.0,1.0
5,0,181,1.0,1.0
5,1,182,1.0,1.0
5,2,183,1.0,1.0
5,3,176,1.0,1.0
5,4,177,1.0,1.0
5,5,178,1.0,1.0
5,6,179,1.0,1.0
5,7,180,1.0,1.0
6,0,182,1.0,1.0
6,1,183,1.0,1.0
6,2,176,1.0,1.0
6,3,177,1.0,1.0
6,4,178,1.0,1.0
6,5,179,1.0,1.0
6,6,180,1.0,1.0
6,7,181,1.0,1.0
7,0,183,1.0,1.0
7,1,176,1.0,1.0
7,2,177,1.0,1.0
7,3,178,1.0,1.0
7,4,179,1.0,1.0
7,5,180,1.0,1.0
7,6,181,1.0,1.0
7,7,182,1.0,1.0
0,0,184,1.0,1.0
0,1,185,1.0,1.0
0,2,186,1.0,1.0
0,3,187,1.0,1.0
0,4,188,1.0,1.0
0,5,189,1.0,1.0
0,6,190,1.0,1.0
0,7,191,1.0,1.0
1,0,185,1.0,1.0
1,1,186,1.0,1.0
1,2,187,1.0,1.0
1,3,188,1.0,1.0
1,4,189,1.0,1.0
1,5,190,1.0,1.0
1,6,191,1.0,1.0
1,7,184,1.0,1.0
2,0,186,1.0,1.0
2,1,187,1.0,1.0
2,2,188,1.0,1.0
2,3,189,1.0,1.0
2,4,190,1.0,1.0
2,5,191,1.0,1.0
2,6,184,1.0,1.0
2,7,185,1.0,1.0
3,0,187,1.0,1.0
3,1,188,1.0,1.0
3,2,189,1.0,1.0
3,3,190,1.0,1.0
3,4,191,1.0,1.0
3,5,184,1.0,1.0
3,6,185,1.0,1.0
3,7,186,1.0,1.0
4,0,188,1.0,1.0
4,1,189,1.0,1.0
4,2,190,1.0,1.0
4,3,191,1.0,1.0
4,4,184,1.0,1.0
4,5,185,1.0,1.0
4,6,186,1.0,1.0
4,7,187,1.0,1.0
5,0,189,1.0,1.0
5,1,190,1.0,1.0
5,2,191,1.0,1.0
5,3,184,1.0,1.0
5,4,185,1.0,1.0
5,5,186,1.0,1.0
5,6,187,1.0,1.0
5,7,188,1.0,1.0
6,0,190,1.0,1.0
6,1,191,1.0,1.0
6,2,184,1.0,1.0
6,3,185,1.0,1.0
6,4,186,1.0,1.0
6,5,187,1.0,1.0
6,6,188,1.0,1.0
6,7,189,1.0,1.0
7,0,191,1.0,1.0
7,1,184,1.0,1.0
7,2,185,1.0,1.0
7,3,186,1.0,1.0
7,4,187,1.0,1.0
7,5,188,1.0,1.0
7,6,189,1.0,1.0
7,7,190,1.0,1.0
0,0,192,1.0,1.0
0,1,193,1.0,1.0
0,2,194,1.0,1.0
0,3,195,1.0,1.0
0,4,196,1.0,1.0
0,5,197,1.0,1.0
0,6,198,1.0,1.0
0,7,199,1.0,1.0
1,0,193,1.0,1.0
1,1,194,1.0,1.0
1,2,195,1.0,1.0
1,3,196,1.0,1.0
1,4,197,1.0,1.0
1,5,198,1.0,1.0
1,6,199,1.0,1.0
1,7,192,1.0,1.0
2,0,194,1.0,1.0
2,1,195,1.0,1.0
2,2,196,1.0,1.0
2,3,197,1.0,1.0
2,4,198,1.0,1.0
2,5,199,1.0,1.0
2,6,192,1.0,1.0
2,7,193,1.0,1.0
3,0,195,1.0,1.0
3,1,196,1.0,1.0
3,2,197,1.0,1.0
3,3,198,1.0,1.0
3,4,199,1.0,1.0
3,5,192,1.0,1.0
3,6,193,1.0,1.0
3,7,194,1.0,1.0
4,0,196,1.0,1.0
4,1,197,1.0,1.0
4,2,198,1.0,1.0
4,3,199,1.0,1.0
4,4,192,1.0,1.0
4,5,193,1.0,1.0
4,6,194,1.0,1.0
4,7,195,1.0,1.0
5,0,197,1.0,1.0
5,1,198,1.0,1.0
5,2,199,1.0,1.0
5,3,192,1.0,1.0
5,4,193,1.0,1.0
5,5,194,1.0,1.0
5,6,195,1.0,1.0
5,7,196,1.0,1.0
6,0,198,1.0,1.0
6,1,199,1.0,1.0
6,2,192,1.0,1.0
6,3,193,1.0,1.0
6,4,194,1.0,1.0
6,5,195,1.0,1.0
6,6,196,1.0,1.0
6,7,197,1.0,1.0
7,0,199,1.0,1.0
7,1,192,1.0,1.0
7,2,193,1.0,1.0
7,3,194,1.0,1.0
7,4,195,1.0,1.0
7,5,196,1.0,1.0
7,6,197,1.0,1.0
7,7,198,1.0,1.0
0,0,200,1.0,1.0
0,1,201,1.0,1.0
0,2,202,1.0,1.0
0,3,203,1.0,1.0
0,4,204,1.0,1.0
0,5,205,1.0,1.0
0,6,206,1.0,1.0
0,7,207,1.0,1.0
1,0,201,1.0,1.0
1,1,202,1.0,1.0
1,2,203,1.0,1.0
1,3,204,1.0,1.0
1,4,205,1.0,1.0
1,5,206,1.0,1.0
1,6,207,1.0,1.0
1,7,200,1.0,1.0
2,0,202,1.0,1.0
2,1,203,1.0,1.0
2,2,204,1.0,1.0
2,3,205,1.0,1.0
2,4,206,1.0,1.0
2,5,207,1.0,1.0
2,6,200,1.0,1.0
2,7,201,1.0,1.0
3,0,203,1.0,1.0
3,1,204,1.0,1.0
3,2,205,1.0,1.0
3,3,206,1.0,1.0
3,4,207,1.0,1.0
3,5,200,1.0,1.0
3,6,201,1.0,1.0
3,7,202,1.0,1.0
4,0,204,1.0,1.0
4,1,205,1.0,1.0
4,2,206,1.0,1.0
4,3,207,1.0,1.0
4,4,200,1.0,1.0
4,5,201,1.0,1.0
4,6,202,1.0,1.0
4,7,203,1.0,1.0
5,0,205,1.0,1.0
5,1,206,1.0,1.0
5,2,207,1.0,1.0
5,3,200,1.0,1.0
5,4,201,1.0,1.0
5,5,202,1.0,1.0
5,6,203,1.0,1.0
5,7,204,1.0,1.0
6,0,206,1.0,1.0
6,1,207,1.0,1.0
6,2,200,1.0,1.0
6,3,201,1.0,1.0
6,4,202,1.0,1.0
6,5,203,1.0,1.0
6,6,204,1.0,1.0
6,7,205,1.0,1.0
7,0,207,1.0,1.0
7,1,200,1.0,1.0
7,2,201,1.0,1.0
7,3,202,1.0,1.0
7,4,203,1.0,1.0
7,5,204,1.0,1.0
7,6,205,1.0,1.0
7,7,206,1.0,1.0
0,0,208,1.0,1.0
0,1,209,1.0,1.0
0,2,210,1.0,1.0
0,3,211,1.0,1.0
0,4,212,1.0,1.0
0,5,213,1.0,1.0
0,6,214,1.0,1.0
0,7,215,1.0,1.0
1,0,209,1.0,1.0
1,1,210,1.0,1.0
1,2,211,1.0,1.0
1,3,212,1.0,1.0
1,4,213,1.0,1.0
1,5,214,1.0,1.0
1,6,215,1.0,1.0
1,7,208,1.0,1.0
2,0,210,1.0,1.0
2,1,211,1.0,1.0
2,2,212,1.0,1.0
2,3,213,1.0,1.0
2,4,214,1.0,1.0
2,5,215,1.0,1.0
2,6,208,1.0,1.0
2,7,209,1.0,1.0
3,0,211,1.0,1.0
3,1,212,1.0,1.0
3,2,213,1.0,1.0
3,3,214,1.0,1.0
3,4,215,1.0,1.0
3,5,208,1.0,1.0
3,6,209,1.0,1.0
3,7,210,1.0,1.0
4,0,212,1.0,1.0
4,1,213,1.0,1.0
4,2,214,1.0,1.0
4,3,215,1.0,1.0
4,4,208,1.0,1.0
4,5,209,1.0,1.0
4,6,210,1.0,1.0
4,7,211,1.0,1.0
5,0,213,1.0,1.0
5,1,214,1.0,1.0
5,2,215,1.0,1.0
5,3,208,1.0,1.0
5,4,209,1.0,1.0
5,5,210,1.0,1.0
5,6,211,1.0,1.0
5,7,212,1.0,1.0
6,0,214,1.0,1.0
6,1,215,1.0,1.0
6,2,208,1.0,1.0
6,3,209,1.0,1.0
6,4,210,1.0,1.0
6,5,211,1.0,1.0
6,6,212,1.0,1.0
6,7,213,1.0,1.0
7,0,215,1.0,1.0
7,1,208,1.0,1.0
7,2,209,1.0,1.0
7,3,210,1.0,1.0
7,4,211,1.0,1.0
7,5,212,1.0,1.0
7,6,213,1.0,1.0
7,7,214,1.0,1.0
0,0,216,1.0,1.0
0,1,217,1.0,1.0
0,2,218,1.0,1.0
0,3,219,1.0,1.0
0,4,220,1.0,1.0
0,5,221,1.0,1.0
0,6,222,1.0,1.0
0,7,223,1.0,1.0
1,0,217,1.0,1.0
1,1,218,1.0,1.0
1,2,219,1.0,1.0
1,3,220,1.0,1.0
1,4,221,1.0,1.0
1,5,222,1.0,1.0
1,6,223,1.0,1.0
1,7,216,1.0,1.0
2,0,218,1.0,1.0
2,1,219,1.0,1.0
2,2,220,1.0,1.0
2,3,221,1.0,1.0
2,4,222,1.0,1.0
2,5,223,1.0,1.0
2,6,216,1.0,1.0
2,7,217,1.0,1.0
3,0,219,1.0,1.0
3,1,220,1.0,1.0
3,2,221,1.0,1.0
3,3,222,1.0,1.0
3,4,223,1.0,1.0
3,5,216,1.0,1.0
3,6,217,1.0,1.0
3,7,218,1.0,1.0
4,0,220,1.0,1.0
4,1,221,1.0,1.0
4,2,222,1.0,1.0
4,3,223,1.0,1.0
4,4,216,1.0,1.0
4,5,217,1.0,1.0
4,6,218,1.0,1.0
4,7,219,1.0,1.0
5,0,221,1.0,1.0
5,1,222,1.0,1.0
5,2,223,1.0,1.0
5,3,216,1.0,1.0
5,4,217,1.0,1.0
5,5,218,1.0,1.0
5,6,219,1.0,1.0
5,7,220,1.0,1.0
6,0,222,1.0,1.0
6,1,223,1.0,1.0
6,2,216,1.0,1.0
6,3,217,1.0,1.0
6,4,218,1.0,1.0
6,5,219,1.0,1.0
6,6,220,1.0,1.0
6,7,221,1.0,1.0
7,0,223,1.0,1.0
7,1,216,1.0,1.0
7,2,217,1.0,1.0
7,3,218,1.0,1.0
7,4,219,1.0,1.0
7,5,220,1.0,1.0
7,6,221,1.0,1.0
7,7,222,1.0,1.0
0,0,224,1.0,1.0
0,1,225,1.0,1.0
0,2,226,1.0,1.0
0,3,227,1.0,1.0
0,4,228,1.0,1.0
0,5,229,1.0,1.0
0,6,230,1.0,1.0
0,7,231,1.0,1.0
1,0,225,1.0,1.0
1,1,226,1.0,1.0
1,2,227,1.0,1.0
1,3,228,1.0,1.0
1,4,229,1.0,1.0
1,5,230,1.0,1.0
1,6,231,1.0,1.0
1,7,224,1.0,1.0
2,0,226,1.0,1.0
2,1,227,1.0,1.0
2,2,228,1.0,1.0
2,3,229,1.0,1.0
2,4,230,1.0,1.0
2,5,231,1.0,1.0
2,6,224,1.0,1.0
2,7,225,1.0,1.0
3,0,227,1.0,1.0
3,1,228,1.0,1.0
3,2,229,1.0,1.0
3,3,230,1.0,1.0
3,4,231,1.0,1.0
3,5,224,1.0,1.0
3,6,225,1.0,1.0
3,7,226,1.0,1.0
4,0,228,1.0,1.0
4,1,229,1.0,1.0
4,2,230,1.0,1.0
4,3,231,1.0,1.0
4,4,224,1.0,1.0
4,5,225,1.0,1.0
4,6,226,1.0,1.0
4,7,227,1.0,1.0
5,0,229,1.0,1.0
5,1,230,1.0,1.0
5,2,231,1.0,1.0
5,3,224,1.0,1.0
5,4,225,1.0,1.0
5,5,226,1.0,1.0
5,6,227,1.0,1.0
5,7,228,1.0,1.0
6,0,230,1.0,1.0
6,1,231,1.0,1.0
6,2,224,1.0,1.0
6,3,225,1.0,1.0
6,4,226,1.0,1.0
6,5,227,1.0,1.0
6,6,228,1.0,1.0
6,7,229,1.0,1.0
7,0,231,1.0,1.0
7,1,224,1.0,1.0
7,2,225,1.0,1.0
7,3,226,1.0,1.0
7,4,227,1.0,1.0
7,5,228,1.0,1.0
7,6,229,1.0,1.0
7,7,230,1.0,1.0
0,0,232,1.0,1.0
0,1,233,1.0,1.0
0,2,234,1.0,1.0
0,3,235,1.0,1.0
0,4,236,1.0,1.0
0,5,237,1.0,1.0
0,6,238,1.0,1.0
0,7,239,1.0,1.0
1,0,233,1.0,1.0
1,1,234,1.0,1.0
1,2,235,1.0,1.0
1,3,236,1.0,1.0
1,4,237,1.0,1.0
1,5,238,1.0,1.0
1,6,239,1.0,1.0
1,7,232,1.0,1.0
2,0,234,1.0,1.0
2,1,235,1.0,1.0
2,2,236,1.0,1.0
2,3,237,1.0,1.0
2,4,238,1.0,1.0
2,5,239,1.0,1.0
2,6,232,1.0,1.0
2,7,233,1.0,1.0
3,0,235,1.0,1.0
3,1,236,1.0,1.0
3,2,237,1.0,1.0
3,3,238,1.0,1.0
3,4,239,1.0,1.0
3,5,232,1.0,1.0
3,6,233,1.0,1.0
3,7,234,1.0,1.0
4,0,236,1.0,1.0
4,1,237,1.0,1.0
4,2,238,1.0,1.0
4,3,239,1.0,1.0
4,4,232,1.0,1.0
4,5,233,1.0,1.0
4,6,234,1.0,1.0
4,7,235,1.0,1.0
5,0,237,1.0,1.0
5,1,238,1.0,1.0
5,2,239,1.0,1.0
5,3,232,1.0,1.0
5,4,233,1.0,1.0
5,5,234,1.0,1.0
5,6,235,1.0,1.0
5,7,236,1.0,1.0
6,0,238,1.0,1.0
6,1,239,1.0,1.0
6,2,232,1.0,1.0
6,3,233,1.0,1.0
6,4,234,1.0,1.0
6,5,235,1.0,1.0
6,6,236,1.0,1.0
6,7,237,1.0,1.0
7,0,239,1.0,1.0
7,1,232,1.0,1.0
7,2,233,1.0,1.0
7,3,234,1.0,1.0
7,4,235,1.0,1.0
7,5,236,1.0,1.0
7,6,237,1.0,1.0
7,7,238,1.0,1.0
0,0,240,1.0,1.0
0,1,241,1.0,1.0
0,2,242,1.0,1.0
0,3,243,1.0,1.0
0,4,244,1.0,1.0
0,5,245,1.0,1.0
0,6,246,1.0,1.0
0,7,247,1.0,1.0
1,0,241,1.0,1.0
1,1,242,1.0,1.0
1,2,243,1.0,1.0
1,3,244,1.0,1.0
1,4,245,1.0,1.0
1,5,246,1.0,1.0
1,6,247,1.0,1.0
1,7,240,1.0,1.0
2,0,242,1.0,1.0
2,1,243,1.0,1.0
2,2,244,1.0,1.0
2,3,245,1.0,1.0
2,4,246,1.0,1.0
2,5,247,1.0,1.0
2,6,240,1.0,1.0
2,7,241,1.0,1.0
3,0,243,1.0,1.0
3,1,244,1.0,1.0
3,2,245,1.0,1.0
3,3,246,1.0,1.0
3,4,247,1.0,1.0
3,5,240,1.0,1.0
3,6,241,1.0,1.0
3,7,242,1.0,1.0
4,0,244,1.0,1.0
4,1,245,1.0,1.0
4,2,246,1.0,1.0
4,3,247,1.0,1.0
4,4,240,1.0,1.0
4,5,241,1.0,1.0
4,6,242,1.0,1.0
4,7,243,1.0,1.0
5,0,245,1.0,1.0
5,1,246,1.0,1.0
5,2,247,1.0,1.0
5,3,240,1.0,1.0
5,4,241,1.0,1.0
5,5,242,1.0,1.0
5,6,243,1.0,1.0
5,7,244,1.0,1.0
6,0,246,1.0,1.0
6,1,247,1.0,1.0
6,2,240,1.0,1.0
6,3,241,1.0,1.0
6,4,242,1.0,1.0
6,5,243,1.0,1.0
6,6,244,1.0,1.0
6,7,245,1.0,1.0
7,0,247,1.0,1.0
7,1,240,1.0,1.0
7,2,241,1.0,1.0
7,3,242,1.0,1.0
7,4,243,1.0,1.0
7,5,244,1.0,1.0
7,6,245,1.0,1.0
7,7,246,1.0,1.0
0,0,248,1.0,1.0
0,1,249,1.0,1.0
0,2,250,1.0,1.0
0,3,251,1.0,1.0
0,4,252,1.0,1.0
0,5,253,1.0,1.0
0,6,254,1.0,1.0
0,7,255,1.0,1.0
1,0,249,1.0,1.0
1,1,250,1.0,1.0
1,2,251,1.0,1.0
1,3,252,1.0,1.0
1,4,253,1.0,1.0
1,5,254,1.0,1.0
1,6,255,1.0,1.0
1,7,248,1.0,1.0
2,0,250,1.0,1.0
2,1,251,1.0,1.0
2,2,252,1.0,1.0
2,3,253,1.0,1.0
2,4,254,1.0,1.0
2,5,255,1.0,1.0
2,6,248,1.0,1.0
2,7,249,1.0,1.0
3,0,251,1.0,1.0
3,1,252,1.0,1.0
3,2,253,1.0,1.0
3,3,254,1.0,1.0
3,4,255,1.0,1.0
3,5,248,1.0,1.0
3,6,249,1.0,1.0
3,7,250,1.0,1.0
4,0,252,1.0,1.0
4,1,253,1.0,1.0
4,2,254,1.0,1.0
4,3,255,1.0,1.0
4,4,248,1.0,1.0
4,5,249,1.0,1.0
4,6,250,1.0,1.0
4,7,251,1.0,1.0
5,0,253,1.0,1.0
5,1,254,1.0,1.0
5,2,255,1.0,1.0
5,3,248,1.0,1.0
5,4,249,1.0,1.0
5,5,250,1.0,1.0
5,6,251,1.0,1.0
5,7,252,1.0,1.0
6,0,254,1.0,1.0
6,1,255,1.0,1.0
6,2,248,1.0,1.0
6,3,249,1.0,1.0
6,4,250,1.0,1.0
6,5,251,1.0,1.0
6,6,252,1.0,1.0
6,7,253,1.0,1.0
7,0,255,1.0,1.0
7,1,248,1.0,1.0
7,2,249,1.0,1.0
7,3,250,1.0,1.0
7,4,251,1.0,1.0
7,5,252,1.0,1.0
7,6,253,1.0,1.0
7,7,254,1.0,1.0
0,0,256,1.0,1.0
0,1,257,1.0,1.0
0,2,258,1.0,1.0
0,3,259,1.0,1.0
0,4,260,1.0,1.0
0,5,261,1.0,1.0
0,6,262,1.0,1.0
0,7,263,1.0,1.0
1,0,257,1.0,1.0
1,1,258,1.0,1.0
1,2,259,1.0,1.0
1,3,260,1.0,1.0
1,4,261,1.0,1.0
1,5,262,1.0,1.0
1,6,263,1.0,1.0
1,7,256,1.0,1.0
2,0,258,1.0,1.0
2,1,259,1.0,1.0
2,2,260,1.0,1.0
2,3,261,1.0,1.0
2,4,262,1.0,1.0
2,5,263,1.0,1.0
2,6,256,1.0,1.0
2,7,257,1.0,1.0
3,0,259,1.0,1.0
3,1,260,1.0,1.0
3,2,261,1.0,1.0
3,3,262,1.0,1.0
3,4,263,1.0,1.0
3,5,256,1.0,1.0
3,6,257,1.0,1.0
3,7,258,1.0,1.0
4,0,260,1.0,1.0
4,1,261,1.0,1.0
4,2,262,1.0,1.0
4,3,263,1.0,1.0
4,4,256,1.0,1.0
4,5,257,1.0,1.0
4,6,258,1.0,1.0
4,7,259,1.0,1.0
5,0,261,1.0,1.0
5,1,262,1.0,1.0
5,2,263,1.0,1.0
5,3,256,1.0,1.0
5,4,257,1.0,1.0
5,5,258,1.0,1.0
5,6,259,1.0,1.0
5,7,260,1.0,1.0
6,0,262,1.0,1.0
6,1,263,1.0,1.0
6,2,256,1.0,1.0
6,3,257,1.0,1.0
6,4,258,1.0,1.0
6,5,259,1.0,1.0
6,6,260,1.0,1.0
6,7,261,1.0,1.0
7,0,263,1.0,1.0
7,1,256,1.0,1.0
7,2,257,1.0,1.0
7,3,258,1.0,1.0
7,4,259,1.0,1.0
7,5,260,1.0,1.0
7,6,261,1.0,1.0
7,7,262,1.0,1.0
0,0,264,1.0,1.0
0,1,265,1.0,1.0
0,2,266,1.0,1.0
0,3,267,1.0,1.0
0,4,268,1.0,1.0
0,5,269,1.0,1.0
0,6,270,1.0,1.0
0,7,271,1.0,1.0
1,0,265,1.0,1.0
1,1,266,1.0,1.0
1,2,267,1.0,1.0
1,3,268,1.0,1.0
1,4,269,1.0,1.0
1,5,270,1.0,1.0
1,6,271,1.0,1.0
1,7,264,1.0,1.0
2,0,266,1.0,1.0
2,1,267,1.0,1.0
2,2,268,1.0,1.0
2,3,269,1.0,1.0
2,4,270,1.0,1.0
2,5,271,1.0,1.0
2,6,264,1.0,1.0
2,7,265,1.0,1.0
3,0,267,1.0,1.0
3,1,268,1.0,1.0
3,2,269,1.0,1.0
3,3,270,1.0,1.0
3,4,271,1.0,1.0
3,5,264,1.0,1.0
3,6,265,1.0,1.0
3,7,266,1.0,1.0
4,0,268,1.0,1.0
4,1,269,1.0,1.0
4,2,270,1.0,1.0
4,3,271,1.0,1.0
4,4,264,1.0,1.0
4,5,265,1.0,1.0
4,6,266,1.0,1.0
4,7,267,1.0,1.0
5,0,269,1.0,1.0
5,1,270,1.0,1.0
5,2,271,1.0,1.0
5,3,264,1.0,1.0
5,4,265,1.0,1.0
5,5,266,1.0,1.0
5,6,267,1.0,1.0
5,7,268,1.0,1.0
6,0,270,1.0,1.0
6,1,271,1.0,1.0
6,2,264,1.0,1.0
6,3,265,1.0,1.0
6,4,266,1.0,1.0
6,5,267,1.0,1.0
6,6,268,1.0,1.0
6,7,269,1.0,1.0
7,0,271,1.0,1.0
7,1,264,1.0,1.0
7,2,265,1.0,1.0
7,3,266,1.0,1.0
7,4,267,1.0,1.0
7,5,268,1.0,1.0
7,6,269,1.0,1.0
7,7,270,1.0,1.0
0,0,272,1.0,1.0
0,1,273,1.0,1.0
0,2,274,1.0,1.0
0,3,275,1.0,1.0
0,4,276,1.0,1.0
0,5,277,1.0,1.0
0,6,278,1.0,1.0
0,7,279,1.0,1.0
1,0,273,1.0,1.0
1,1,274,1.0,1.0
1,2,275,1.0,1.0
1,3,276,1.0,1.0
1,4,277,1.0,1.0
1,5,278,1.0,1.0
1,6,279,1.0,1.0
1,7,272,1.0,1.0
2,0,274,1.0,1.0
2,1,275,1.0,1.0
2,2,276,1.0,1.0
2,3,277,1.0,1.0
2,4,278,1.0,1.0
2,5,279,1.0,1.0
2,6,272,1.0,1.0
2,7,273,1.0,1.0
3,0,275,1.0,1.0
3,1,276,1.0,1.0
3,2,277,1.0,1.0
3,3,278,1.0,1.0
3,4,279,1.0,1.0
3,5,272,1.0,1.0
3,6,273,1.0,1.0
3,7,274,1.0,1.0
4,0,276,1.0,1.0
4,1,277,1.0,1.0
4,2,278,1.0,1.0
4,3,279,1.0,1.0
4,4,272,1.0,1.0
4,5,273,1.0,1.0
4,6,274,1.0,1.0
4,7,275,1.0,1.0
5,0,277,1.0,1.0
5,1,278,1.0,1.0
5,2,279,1.0,1.0
5,3,272,1.0,1.0
5,4,273,1.0,1.0
5,5,274,1.0,1.0
5,6,275,1.0,1.0
5,7,276,1.0,1.0
6,0,278,1.0,1.0
6,1,279,1.0,1.0
6,2,272,1.0,1.0
6,3,273,1.0,1.0
6,4,274,1.0,1.0
6,5,275,1.0,1.0
6,6,276,1.0,1.0
6,7,277,1.0,1.0
7,0,279,1.0,1.0
7,1,272,1.0,1.0
7,2,273,1.0,1.0
7,3,274,1.0,1.0
7,4,275,1.0,1.0
7,5,276,1.0,1.0
7,6,277,1.0,1.0
7,7,278,1.0,1.0
0,0,280,1.0,1.0
0,1,281,1.0,1.0
0,2,282,1.0,1.0
0,3,283,1.0,1.0
0,4,284,1.0,1.0
0,5,285,1.0,1.0
0,6,286,1.0,1.0
0,7,287,1.0,1.0
1,0,281,1.0,1.0
1,1,282,1.0,1.0
1,2,283,1.0,1.0
1,3,284,1.0,1.0
1,4,285,1.0,1.0
1,5,286,1.0,1.0
1,6,287,1.0,1.0
1,7,280,1.0,1.0
2,0,282,1.0,1.0
2,1,283,1.0,1.0
2,2,284,1.0,1.0
2,3,285,1.0,1.0
2,4,286,1.0,1.0
2,5,287,1.0,1.0
2,6,280,1.0,1.0
2,7,281,1.0,1.0
3,0,283,1.0,1.0
3,1,284,1.0,1.0
3,2,285,1.0,1.0
3,3,286,1.0,1.0
3,4,287,1.0,1.0
3,5,280,1.0,1.0
3,6,281,1.0,1.0
3,7,282,1.0,1.0
4,0,284,1.0,1.0
4,1,285,1.0,1.0
4,2,286,1.0,1.0
4,3,287,1.0,1.0
4,4,280,1.0,1.0
4,5,281,1.0,1.0
4,6,282,1.0,1.0
4,7,283,1.0,1.0
5,0,285,1.0,1.0
5,1,286,1.0,1.0
5,2,287,1.0,1.0
5,3,280,1.0,1.0
5,4,281,1.0,1.0
5,5,282,1.0,1.0
5,6,283,1.0,1.0
5,7,284,1.0,1.0
6,0,286,1.0,1.0
6,1,287,1.0,1.0
6,2,280,1.0,1.0
6,3,281,1.0,1.0
6,4,282,1.0,1.0
6,5,283,1.0,1.0
6,6,284,1.0,1.0
6,7,285,1.0,1.0
7,0,287,1.0,1.0
7,1,280,1.0,1.0
7,2,281,1.0,1.0
7,3,282,1.0,1.0
7,4,283,1.0,1.0
7,5,284,1.0,1.0
7,6,285,1.0,1.0
7,7,286,1.0,1.0
0,0,288,1.0,1.0
0,1,289,1.0,1.0
0,2,290,1.0,1.0
0,3,291,1.0,1.0
0,4,292,1.0,1.0
0,5,293,1.0,1.0
0,6,294,1.0,1.0
0,7,295,1.0,1.0
1,0,289,1.0,1.0
1,1,290,1.0,1.0
1,2,291,1.0,1.0
1,3,292,1.0,1.0
1,4,293,1.0,1.0
1,5,294,1.0,1.0
1,6,295,1.0,1.0
1,7,288,1.0,1.0
2,0,290,1.0,1.0
2,1,291,1.0,1.0
2,2,292,1.0,1.0
2,3,293,1.0,1.0
2,4,294,1.0,1.0
2,5,295,1.0,1.0
2,6,288,1.0,1.0
2,7,289,1.0,1.0
3,0,291,1.0,1.0
3,1,292,1.0,1.0
3,2,293,1.0,1.0
3,3,294,1.0,1.0
3,4,295,1.0,1.0
3,5,288,1.0,1.0
3,6,289,1.0,1.0
3,7,290,1.0,1.0
4,0,292,1.0,1.0
4,1,293,1.0,1.0
4,2,294,1.0,1.0
4,3,295,1.0,1.0
4,4,288,1.0,1.0
4,5,289,1.0,1.0
4,6,290,1.0,1.0
4,7,291,1.0,1.0
5,0,293,1.0,1.0
5,1,294,1.0,1.0
5,2,295,1.0,1.0
5,3,288,1.0,1.0
5,4,289,1.0,1.0
5,5,290,1.0,1.0
5,6,291,1.0,1.0
5,7,292,1.0,1.0
6,0,294,1.0,1.0
6,1,295,1.0,1.0
6,2,288,1.0,1.0
6,3,289,1.0,1.0
6,4,290,1.0,1.0
6,5,291,1.0,1.0
6,6,292,1.0,1.0
6,7,293,1.0,1.0
7,0,295,1.0,1.0
7,1,288,1.0,1.0
7,2,289,1.0,1.0
7,3,290,1.0,1.0
7,4,291,1.0,1.0
7,5,292,1.0,1.0
7,6,293,1.0,1.0
7,7,294,1.0,1.0
0,0,296,1.0,1.0
0,1,297,1.0,1.0
0,2,298,1.0,1.0
0,3,299,1.0,1.0
0,4,300,1.0,1.0
0,5,301,1.0,1.0
0,6,302,1.0,1.0
0,7,303,1.0,1.0
1,0,297,1.0,1.0
1,1,298,1.0,1.0
1,2,299,1.0,1.0
1,3,300,1.0,1.0
1,4,301,1.0,1.0
1,5,302,1.0,1.0
1,6,303,1.0,1.0
1,7,296,1.0,1.0
2,0,298,1.0,1.0
2,1,299,1.0,1.0
2,2,300,1.0,1.0
2,3,301,1.0,1.0
2,4,302,1.0,1.0
2,5,303,1.0,1.0
2,6,296,1.0,1.0
2,7,297,1.0,1.0
3,0,299,1.0,1.0
3,1,300,1.0,1.0
3,2,301,1.0,1.0
3,3,302,1.0,1.0
3,4,303,1.0,1.0
3,5,296,1.0,1.0
3,6,297,1.0,1.0
3,7,298,1.0,1.0
4,0,300,1.0,1.0
4,1,301,1.0,1.0
4,2,302,1.0,1.0
4,3,303,1.0,1.0
4,4,296,1.0,1.0
4,5,297,1.0,1.0
4,6,298,1.0,1.0
4,7,299,1.0,1.0
5,0,301,1.0,1.0
5,1,302,1.0,1.0
5,2,303,1.0,1.0
5,3,296,1.0,1.0
5,4,297,1.0,1.0
5,5,298,1.0,1.0
5,6,299,1.0,1.0
5,7,300,1.0,1.0
6,0,302,1.0,1.0
6,1,303,1.0,1.0
6,2,296,1.0,1.0
6,3,297,1.0,1.0
6,4,298,1.0,1.0
6,5,299,1.0,1.0
6,6,300,1.0,1.0
6,7,301,1.0,1.0
7,0,303,1.0,1.0
7,1,296,1.0,1.0
7,2,297,1.0,1.0
7,3,298,1.0,1.0
7,4,299,1.0,1.0
7,5,300,1.0,1.0
7,6,301,1.0,1.0
7,7,302,1.0,1.0
0,0,304,1.0,1.0
0,1,305,1.0,1.0
0,2,306,1.0,1.0
0,3,307,1.0,1.0
0,4,308,1.0,1.0
0,5,309,1.0,1.0
0,6,310,1.0,1.0
0,7,311,1.0,1.0
1,0,305,1.0,1.0
1,1,306,1.0,1.0
1,2,307,1.0,1.0
1,3,308,1.0,1.0
1,4,309,1.0,1.0
1,5,310,1.0,1.0
1,6,311,1.0,1.0
1,7,304,1.0,1.0
2,0,306,1.0,1.0
2,1,307,1.0,1.0
2,2,308,1.0,1.0
2,3,309,1.0,1.0
2,4,310,1.0,1.0
2,5,311,1.0,1.0
2,6,304,1.0,1.0
2,7,305,1.0,1.0
3,0,307,1.0,1.0
3,1,308,1.0,1.0
3,2,309,1.0,1.0
3,3,310,1.0,1.0
3,4,311,1.0,1.0
3,5,304,1.0,1.0
3,6,305,1.0,1.0
3,7,306,1.0,1.0
4,0,308,1.0,1.0
4,1,309,1.0,1.0
4,2,310,1.0,1.0
4,3,311,1.0,1.0
4,4,304,1.0,1.0
4,5,305,1.0,1.0
4,6,306,1.0,1.0
4,7,307,1.0,1.0
5,0,309,1.0,1.0
5,1,310,1.0,1.0
5,2,311,1.0,1.0
5,3,304,1.0,1.0
5,4,305,1.0,1.0
5,5,306,1.0,1.0
5,6,307,1.0,1.0
5,7,308,1.0,1.0
6,0,310,1.0,1.0
6,1,311,1.0,1.0
6,2,304,1.0,1.0
6,3,305,1.0,1.0
6,4,306,1.0,1.0
6,5,307,1.0,1.0
6,6,308,1.0,1.0
6,7,309,1.0,1.0
7,0,311,1.0,1.0
7,1,304,1.0,1.0
7,2,305,1.0,1.0
7,3,306,1.0,1.0
7,4,307,1.0,1.0
7,5,308,1.0,1.0
7,6,309,1.0,1.0
7,7,310,1.0,1.0
0,0,312,1.0,1.0
0,1,313,1.0,1.0
0,2,314,1.0,1.0
0,3,315,1.0,1.0
0,4,316,1.0,1.0
0,5,317,1.0,1.0
0,6,318,1.0,1.0
0,7,319,1.0,1.0
1,0,313,1.0,1.0
1,1,314,1.0,1.0
1,2,315,1.0,1.0
1,3,316,1.0,1.0
1,4,317,1.0,1.0
1,5,318,1.0,1.0
1,6,319,1.0,1.0
1,7,312,1.0,1.0
2,0,314,1.0,1.0
2,1,315,1.0,1.0
2,2,316,1.0,1.0
2,3,317,1.0,1.0
2,4,318,1.0,1.0
2,5,319,1.0,1.0
2,6,312,1.0,1.0
2,7,313,1.0,1.0
3,0,315,1.0,1.0
3,1,316,1.0,1.0
3,2,317,1.0,1.0
3,3,318,1.0,1.0
3,4,319,1.0,1.0
3,5,312,1.0,1.0
3,6,313,1.0,1.0
3,7,314,1.0,1.0
4,0,316,1.0,1.0
4,1,317,1.0,1.0
4,2,318,1.0,1.0
4,3,319,1.0,1.0
4,4,312,1.0,1.0
4,5,313,1.0,1.0
4,6,314,1.0,1.0
4,7,315,1.0,1.0
5,0,317,1.0,1.0
5,1,318,1.0,1.0
5,2,319,1.0,1.0
5,3,312,1.0,1.0
5,4,313,1.0,1.0
5,5,314,1.0,1.0
5,6,315,1.0,1.0
5,7,316,1.0,1.0
6,0,318,1.0,1.0
6,1,319,1.0,1.0
6,2,312,1.0,1.0
6,3,313,1.0,1.0
6,4,314,1.0,1.0
6,5,315,1.0,1.0
6,6,316,1.0,1.0
6,7,317,1.0,1.0
7,0,319,1.0,1.0
7,1,312,1.0,1.0
7,2,313,1.0,1.0
7,3,314,1.0,1.0
7,4,315,1.0,1.0
7,5,316,1.0,1.0
7,6,317,1.0,1.0
7,7,318,1.0,1.0
0,0,320,1.0,1.0
0,1,321,1.0,1.0
0,2,322,1.0,1.0
0,3,323,1.0,1.0
0,4,324,1.0,1.0
0,5,325,1.0,1.0
0,6,326,1.0,1.0
0,7,327,1.0,1.0
1,0,321,1.0,1.0
1,1,322,1.0,1.0
1,2,323,1.0,1.0
1,3,324,1.0,1.0
1,4,325,1.0,1.0
1,5,326,1.0,1.0
1,6,327,1.0,1.0
1,7,320,1.0,1.0
2,0,322,1.0,1.0
2,1,323,1.0,1.0
2,2,324,1.0,1.0
2,3,325,1.0,1.0
2,4,326,1.0,1.0
2,5,327,1.0,1.0
2,6,320,1.0,1.0
2,7,321,1.0,1.0
3,0,323,1.0,1.0
3,1,324,1.0,1.0
3,2,325,1.0,1.0
3,3,326,1.0,1.0
3,4,327,1.0,1.0
3,5,320,1.0,1.0
3,6,321,1.0,1.0
3,7,322,1.0,1.0
4,0,324,1.0,1.0
4,1,325,1.0,1.0
4,2,326,1.0,1.0
4,3,327,1.0,1.0
4,4,320,1.0,1.0
4,5,321,1.0,1.0
4,6,322,1.0,1.0
4,7,323,1.0,1.0
5,0,325,1.0,1.0
5,1,326,1.0,1.0
5,2,327,1.0,1.0
5,3,320,1.0,1.0
5,4,321,1.0,1.0
5,5,322,1.0,1.0
5,6,323,1.0,1.0
5,7,324,1.0,1.0
6,0,326,1.0,1.0
6,1,327,1.0,1.0
6,2,320,1.0,1.0
6,3,321,1.0,1.0
6,4,322,1.0,1.0
6,5,323,1.0,1.0
6,6,324,1.0,1.0
6,7,325,1.0,1.0
7,0,327,1.0,1.0
7,1,320,1.0,1.0
7,2,321,1.0,1.0
7,3,322,1.0,1.0
7,4,323,1.0,1.0
7,5,324,1.0,1.0
7,6,325,1.0,1.0
7,7,326,1.0,1.0
0,0,328,1.0,1.0
0,1,329,1.0,1.0
0,2,330,1.0,1.0
0,3,331,1.0,1.0
0,4,332,1.0,1.0
0,5,333,1.0,1.0
0,6,334,1.0,1.0
0,7,335,1.0,1.0
1,0,329,1.0,1.0
1,1,330,1.0,1.0
1,2,331,1.0,1.0
1,3,332,1.0,1.0
1,4,333,1.0,1.0
1,5,334,1.0,1.0
1,6,335,1.0,1.0
1,7,328,1.0,1.0
2,0,330,1.0,1.0
2,1,331,1.0,1.0
2,2,332,1.0,1.0
2,3,333,1.0,1.0
2,4,334,1.0,1.0
2,5,335,1.0,1.0
2,6,328,1.0,1.0
2,7,329,1.0,1.0
3,0,331,1.0,1.0
3,1,332,1.0,1.0
3,2,333,1.0,1.0
3,3,334,1.0,1.0
3,4,335,1.0,1.0
3,5,328,1.0,1.0
3,6,329,1.0,1.0
3,7,330,1.0,1.0
4,0,332,1.0,1.0
4,1,333,1.0,1.0
4,2,334,1.0,1.0
4,3,335,1.0,1.0
4,4,328,1.0,1.0
4,5,329,1.0,1.0
4,6,330,1.0,1.0
4,7,331,1.0,1.0
5,0,333,1.0,1.0
5,1,334,1.0,1.0
5,2,335,1.0,1.0
5,3,328,1.0,1.0
5,4,329,1.0,1.0
5,5,330,1.0,1.0
5,6,331,1.0,1.0
5,7,332,1.0,1.0
6,0,334,1.0,1.0
6,1,335,1.0,1.0
6,2,328,1.0,1.0
6,3,329,1.0,1.0
6,4,330,1.0,1.0
6,5,331,1.0,1.0
6,6,332,1.0,1.0
6,7,333,1.0,1.0
7,0,335,1.0,1.0
7,1,328,1.0,1.0
7,2,329,1.0,1.0
7,3,330,1.0,1.0
7,4,331,1.0,1.0
7,5,332,1.0,1.0
7,6,333,1.0,1.0
7,7,334,1.0,1.0
0,0,336,1.0,1.0
0,1,337,1.0,1.0
0,2,338,1.0,1.0
0,3,339,1.0,1.0
0,4,340,1.0,1.0
0,5,341,1.0,1.0
0,6,342,1.0,1.0
0,7,343,1.0,1.0
1,0,337,1.0,1.0
1,1,338,1.0,1.0
1,2,339,1.0,1.0
1,3,340,1.0,1.0
1,4,341,1.0,1.0
1,5,342,1.0,1.0
1,6,343,1.0,1.0
1,7,336,1.0,1.0
2,0,338,1.0,1.0
2,1,339,1.0,1.0
2,2,340,1.0,1.0
2,3,341,1.0,1.0
2,4,342,1.0,1.0
2,5,343,1.0,1.0
2,6,336,1.0,1.0
2,7,337,1.0,1.0
3,0,339,1.0,1.0
3,1,340,1.0,1.0
3,2,341,1.0,1.0
3,3,342,1.0,1.0
3,4,343,1.0,1.0
3,5,336,1.0,1.0
3,6,337,1.0,1.0
3,7,338,1.0,1.0
4,0,340,1.0,1.0
4,1,341,1.0,1.0
4,2,342,1.0,1.0
4,3,343,1.0,1.0
4,4,336,1.0,1.0
4,5,337,1.0,1.0
4,6,338,1.0,1.0
4,7,339,1.0,1.0
5,0,341,1.0,1.0
5,1,342,1.0,1.0
5,2,343,1.0,1.0
5,3,336,1.0,1.0
5,4,337,1.0,1.0
5,5,338,1.0,1.0
5,6,339,1.0,1.0
5,7,340,1.0,1.0
6,0,342,1.0,1.0
6,1,343,1.0,1.0
6,2,336,1.0,1.0
6,3,337,1.0,1.0
6,4,338,1.0,1.0
6,5,339,1.0,1.0
6,6,340,1.0,1.0
6,7,341,1.0,1.0
7,0,343,1.0,1.0
7,1,336,1.0,1.0
7,2,337,1.0,1.0
7,3,338,1.0,1.0
7,4,339,1.0,1.0
7,5,340,1.0,1.0
7,6,341,1.0,1.0
7,7,342,1.0,1.0
0,0,344,1.0,1.0
0,1,345,1.0,1.0
0,2,346,1.0,1.0
0,3,347,1.0,1.0
0,4,348,1.0,1.0
0,5,349,1.0,1.0
0,6,350,1.0,1.0
0,7,351,1.0,1.0
1,0,345,1.0,1.0
1,1,346,1.0,1.0
1,2,347,1.0,1.0
1,3,348,1.0,1.0
1,4,349,1.0,1.0
1,5,350,1.0,1.0
1,6,351,1.0,1.0
1,7,344,1.0,1.0
2,0,346,1.0,1.0
2,1,347,1.0,1.0
2,2,348,1.0,1.0
2,3,349,1.0,1.0
2,4,350,1.0,1.0
2,5,351,1.0,1.0
2,6,344,1.0,1.0
2,7,345,1.0,1.0
3,0,347,1.0,1.0
3,1,348,1.0,1.0
3,2,349,1.0,1.0
3,3,350,1.0,1.0
3,4,351,1.0,1.0
3,5,344,1.0,1.0
3,6,345,1.0,1.0
3,7,346,1.0,1.0
4,0,348,1.0,1.0
4,1,349,1.0,1.0
4,2,350,1.0,1.0
4,3,351,1.0,1.0
4,4,344,1.0,1.0
4,5,345,1.0,1.0
4,6,346,1.0,1.0
4,7,347,1.0,1.0
5,0,349,1.0,1.0
5,1,350,1.0,1.0
5,2,351,1.0,1.0
5,3,344,1.0,1.0
5,4,345,1.0,1.0
5,5,346,1.0,1.0
5,6,347,1.0,1.0
5,7,348,1.0,1.0
6,0,350,1.0,1.0
6,1,351,1.0,1.0
6,2,344,1.0,1.0
6,3,345,1.0,1.0
6,4,346,1.0,1.0
6,5,347,1.0,1.0
6,6,348,1.0,1.0
6,7,349,1.0,1.0
7,0,351,1.0,1.0
7,1,344,1.0,1.0
7,2,345,1.0,1.0
7,3,346,1.0,1.0
7,4,347,1.0,1.0
7,5,348,1.0,1.0
7,6,349,1.0,1.0
7,7,350,1.0,1.0
0,0,352,1.0,1.0
0,1,353,1.0,1.0
0,2,354,1.0,1.0
0,3,355,1.0,1.0
0,4,356,1.0,1.0
0,5,357,1.0,1.0
0,6,358,1.0,1.0
0,7,359,1.0,1.0
1,0,353,1.0,1.0
1,1,354,1.0,1.0
1,2,355,1.0,1.0
1,3,356,1.0,1.0
1,4,357,1.0,1.0
1,5,358,1.0,1.0
1,6,359,1.0,1.0
1,7,352,1.0,1.0
2,0,354,1.0,1.0
2,1,355,1.0,1.0
2,2,356,1.0,1.0
2,3,357,1.0,1.0
2,4,358,1.0,1.0
2,5,359,1.0,1.0
2,6,352,1.0,1.0
2,7,353,1.0,1.0
3,0,355,1.0,1.0
3,1,356,1.0,1.0
3,2,357,1.0,1.0
3,3,358,1.0,1.0
3,4,359,1.0,1.0
3,5,352,1.0,1.0
3,6,353,1.0,1.0
3,7,354,1.0,1.0
4,0,356,1.0,1.0
4,1,357,1.0,1.0
4,2,358,1.0,1.0
4,3,359,1.0,1.0
4,4,352,1.0,1.0
4,5,353,1.0,1.0
4,6,354,1.0,1.0
4,7,355,1.0,1.0
5,0,357,1.0,1.0
5,1,358,1.0,1.0
5,2,359,1.0,1.0
5,3,352,1.0,1.0
5,4,353,1.0,1.0
5,5,354,1.0,1.0
5,6,355,1.0,1.0
5,7,356,1.0,1.0
6,0,358,1.0,1.0
6,1,359,1.0,1.0
6,2,352,1.0,1.0
6,3,353,1.0,1.0
6,4,354,1.0,1.0
6,5,355,1.0,1.0
6,6,356,1.0,1.0
6,7,357,1.0,1.0
7,0,359,1.0,1.0
7,1,352,1.0,1.0
7,2,353,1.0,1.0
7,3,354,1.0,1.0
7,4,355,1.0,1.0
7,5,356,1.0,1.0
7,6,357,1.0,1.0
7,7,358,1.0,1.0
0,0,360,1.0,1.0
0,1,361,1.0,1.0
0,2,362,1.0,1.0
0,3,363,1.0,1.0
0,4,364,1.0,1.0
0,5,365,1.0,1.0
0,6,366,1.0,1.0
0,7,367,1.0,1.0
1,0,361,1.0,1.0
1,1,362,1.0,1.0
1,2,363,1.0,1.0
1,3,364,1.0,1.0
1,4,365,1.0,1.0
1,5,366,1.0,1.0
1,6,367,1.0,1.0
1,7,360,1.0,1.0
2,0,362,1.0,1.0
2,1,363,1.0,1.0
2,2,364,1.0,1.0
2,3,365,1.0,1.0
2,4,366,1.0,1.0
2,5,367,1.0,1.0
2,6,360,1.0,1.0
2,7,361,1.0,1.0
3,0,363,1.0,1.0
3,1,364,1.0,1.0
3,2,365,1.0,1.0
3,3,366,1.0,1.0
3,4,367,1.0,1.0
3,5,360,1.0,1.0
3,6,361,1.0,1.0
3,7,362,1.0,1.0
4,0,364,1.0,1.0
4,1,365,1.0,1.0
4,2,366,1.0,1.0
4,3,367,1.0,1.0
4,4,360,1.0,1.0
4,5,361,1.0,1.0
4,6,362,1.0,1.0
4,7,363,1.0,1.0
5,0,365,1.0,1.0
5,1,366,1.0,1.0
5,2,367,1.0,1.0
5,3,360,1.0,1.0
5,4,361,1.0,1.0
5,5,362,1.0,1.0
5,6,363,1.0,1.0
5,7,364,1.0,1.0
6,0,366,1.0,1.0
6,1,367,1.0,1.0
6,2,360,1.0,1.0
6,3,361,1.0,1.0
6,4,362,1.0,1.0
6,5,363,1.0,1.0
6,6,364,1.0,1.0
6,7,365,1.0,1.0
7,0,367,1.0,1.0
7,1,360,1.0,1.0
7,2,361,1.0,1.0
7,3,362,1.0,1.0
7,4,363,1.0,1.0
7,5,364,1.0,1.0
7,6,365,1.0,1.0
7,7,366,1.0,1.0
0,0,368,1.0,1.0
0,1,369,1.0,1.0
0,2,370,1.0,1.0
0,3,371,1.0,1.0
0,4,372,1.0,1.0
0,5,373,1.0,1.0
0,6,374,1.0,1.0
0,7,375,1.0,1.0
1,0,369,1.0,1.0
1,1,370,1.0,1.0
1,2,371,1.0,1.0
1,3,372,1.0,1.0
1,4,373,1.0,1.0
1,5,374,1.0,1.0
1,6,375,1.0,1.0
1,7,368,1.0,1.0
2,0,370,1.0,1.0
2,1,371,1.0,1.0
2,2,372,1.0,1.0
2,3,373,1.0,1.0
2,4,374,1.0,1.0
2,5,375,1.0,1.0
2,6,368,1.0,1.0
2,7,369,1.0,1.0
3,0,371,1.0,1.0
3,1,372,1.0,1.0
3,2,373,1.0,1.0
3,3,374,1.0,1.0
3,4,375,1.0,1.0
3,5,368,1.0,1.0
3,6,369,1.0,1.0
3,7,370,1.0,1.0
4,0,372,1.0,1.0
4,1,373,1.0,1.0
4,2,374,1.0,1.0
4,3,375,1.0,1.0
4,4,368,1.0,1.0
4,5,369,1.0,1.0
4,6,370,1.0,1.0
4,7,371,1.0,1.0
5,0,373,1.0,1.0
5,1,374,1.0,1.0
5,2,375,1.0,1.0
5,3,368,1.0,1.0
5,4,369,1.0,1.0
5,5,370,1.0,1.0
5,6,371,1.0,1.0
5,7,372,1.0,1.0
6,0,374,1.0,1.0
6,1,375,1.0,1.0
6,2,368,1.0,1.0
6,3,369,1.0,1.0
6,4,370,1.0,1.0
6,5,371,1.0,1.0
6,6,372,1.0,1.0
6,7,373,1.0,1.0
7,0,375,1.0,1.0
7,1,368,1.0,1.0
7,2,369,1.0,1.0
7,3,370,1.0,1.0
7,4,371,1.0,1.0
7,5,372,1.0,1.0
7,6,373,1.0,1.0
7,7,374,1.0,1.0
0,0,376,1.0,1.0
0,1,377,1.0,1.0
0,2,378,1.0,1.0
0,3,379,1.0,1.0
0,4,380,1.0,1.0
0,5,381,1.0,1.0
0,6,382,1.0,1.0
0,7,383,1.0,1.0
1,0,377,1.0,1.0
1,1,378,1.0,1.0
1,2,379,1.0,1.0
1,3,380,1.0,1.0
1,4,381,1.0,1.0
1,5,382,1.0,1.0
1,6,383,1.0,1.0
1,7,376,1.0,1.0
2,0,378,1.0,1.0
2,1,379,1.0,1.0
2,2,380,1.0,1.0
2,3,381,1.0,1.0
2,4,382,1.0,1.0
2,5,383,1.0,1.0
2,6,376,1.0,1.0
2,7,377,1.0,1.0
3,0,379,1.0,1.0
3,1,380,1.0,1.0
3,2,381,1.0,1.0
3,3,382,1.0,1.0
3,4,383,1.0,1.0
3,5,376,1.0,1.0
3,6,377,1.0,1.0
3,7,378,1.0,1.0
4,0,380,1.0,1.0
4,1,381,1.0,1.0
4,2,382,1.0,1.0
4,3,383,1.0,1.0
4,4,376,1.0,1.0
4,5,377,1.0,1.0
4,6,378,1.0,1.0
4,7,379,1.0,1.0
5,0,381,1.0,1.0
5,1,382,1.0,1.0
5,2,383,1.0,1.0
5,3,376,1.0,1.0
5,4,377,1.0,1.0
5,5,378,1.0,1.0
5,6,379,1.0,1.0
5,7,380,1.0,1.0
6,0,382,1.0,1.0
6,1,383,1.0,1.0
6,2,376,1.0,1.0
6,3,377,1.0,1.0
6,4,378,1.0,1.0
6,5,379,1.0,1.0
6,6,380,1.0,1.0
6,7,381,1.0,1.0
7,0,383,1.0,1.0
7,1,376,1.0,1.0
7,2,377,1.0,1.0
7,3,378,1.0,1.0
7,4,379,1.0,1.0
7,5,380,1.0,1.0
7,6,381,1.0,1.0
7,7,382,1.0,1.0
0,0,384,1.0,1.0
0,1,385,1.0,1.0
0,2,386,1.0,1.0
0,3,387,1.0,1.0
0,4,388,1.0,1.0
0,5,389,1.0,1.0
0,6,390,1.0,1.0
0,7,391,1.0,1.0
1,0,385,1.0,1.0
1,1,386,1.0,1.0
1,2,387,1.0,1.0
1,3,388,1.0,1.0
1,4,389,1.0,1.0
1,5,390,1.0,1.0
1,6,391,1.0,1.0
1,7,384,1.0,1.0
2,0,386,1.0,1.0
2,1,387,1.0,1.0
2,2,388,1.0,1.0
2,3,389,1.0,1.0
2,4,390,1.0,1.0
2,5,391,1.0,1.0
2,6,384,1.0,1.0
2,7,385,1.0,1.0
3,0,387,1.0,1.0
3,1,388,1.0,1.0
3,2,389,1.0,1.0
3,3,390,1.0,1.0
3,4,391,1.0,1.0
3,5,384,1.0,1.0
3,6,385,1.0,1.0
3,7,386,1.0,1.0
4,0,388,1.0,1.0
4,1,389,1.0,1.0
4,2,390,1.0,1.0
4,3,391,1.0,1.0
4,4,384,1.0,1.0
4,5,385,1.0,1.0
4,6,386,1.0,1.0
4,7,387,1.0,1.0
5,0,389,1.0,1.0
5,1,390,1.0,1.0
5,2,391,1.0,1.0
5,3,384,1.0,1.0
5,4,385,1.0,1.0
5,5,386,1.0,1.0
5,6,387,1.0,1.0
5,7,388,1.0,1.0
6,0,390,1.0,1.0
6,1,391,1.0,1.0
6,2,384,1.0,1.0
6,3,385,1.0,1.0
6,4,386,1.0,1.0
6,5,387,1.0,1.0
6,6,388,1.0,1.0
6,7,389,1.0,1.0
7,0,391,1.0,1.0
7,1,384,1.0,1.0
7,2,385,1.0,1.0
7,3,386,1.0,1.0
7,4,387,1.0,1.0
7,5,388,1.0,1.0
7,6,389,1.0,1.0
7,7,390,1.0,1.0
0,0,392,1.0,1.0
0,1,393,1.0,1.0
0,2,394,1.0,1.0
0,3,395,1.0,1.0
0,4,396,1.0,1.0
0,5,397,1.0,1.0
0,6,398,1.0,1.0
0,7,399,1.0,1.0
1,0,393,1.0,1.0
1,1,394,1.0,1.0
1,2,395,1.0,1.0
1,3,396,1.0,1.0
1,4,397,1.0,1.0
1,5,398,1.0,1.0
1,6,399,1.0,1.0
1,7,392,1.0,1.0
2,0,394,1.0,1.0
2,1,395,1.0,1.0
2,2,396,1.0,1.0
2,3,397,1.0,1.0
2,4,398,1.0,1.0
2,5,399,1.0,1.0
2,6,392,1.0,1.0
2,7,393,1.0,1.0
3,0,395,1.0,1.0
3,1,396,1.0,1.0
3,2,397,1.0,1.0
3,3,398,1.0,1.0
3,4,399,1.0,1.0
3,5,392,1.0,1.0
3,6,393,1.0,1.0
3,7,394,1.0,1.0
4,0,396,1.0,1.0
4,1,397,1.0,1.0
4,2,398,1.0,1.0
4,3,399,1.0,1.0
4,4,392,1.0,1.0
4,5,393,1.0,1.0
4,6,394,1.0,1.0
4,7,395,1.0,1.0
5,0,397,1.0,1.0
5,1,398,1.0,1.0
5,2,399,1.0,1.0
5,3,392,1.0,1.0
5,4,393,1.0,1.0
5,5,394,1.0,1.0
5,6,395,1.0,1.0
5,7,396,1.0,1.0
6,0,398,1.0,1.0
6,1,399,1.0,1.0
6,2,392,1.0,1.0
6,3,393,1.0,1.0
6,4,394,1.0,1.0
6,5,395,1.0,1.0
6,6,396,1.0,1.0
6,7,397,1.0,1.0
7,0,399,1.0,1.0
7,1,392,1.0,1.0
7,2,393,1.0,1.0
7,3,394,1.0,1.0
7,4,395,1.0,1.0
7,5,396,1.0,1.0
7,6,397,1.0,1.0
7,7,398,1.0,1.0
0,0,400,1.0,1.0
0,1,401,1.0,1.0
0,2,402,1.0,1.0
0,3,403,1.0,1.0
0,4,404,1.0,1.0
0,5,405,1.0,1.0
0,6,406,1.0,1.0
0,7,407,1.0,1.0
1,0,401,1.0,1.0
1,1,402,1.0,1.0
1,2,403,1.0,1.0
1,3,404,1.0,1.0
1,4,405,1.0,1.0
1,5,406,1.0,1.0
1,6,407,1.0,1.0
1,7,400,1.0,1.0
2,0,402,1.0,1.0
2,1,403,1.0,1.0
2,2,404,1.0,1.0
2,3,405,1.0,1.0
2,4,406,1.0,1.0
2,5,407,1.0,1.0
2,6,400,1.0,1.0
2,7,401,1.0,1.0
3,0,403,1.0,1.0
3,1,404,1.0,1.0
3,2,405,1.0,1.0
3,3,406,1.0,1.0
3,4,407,1.0,1.0
3,5,400,1.0,1.0
3,6,401,1.0,1.0
3,7,402,1.0,1.0
4,0,404,1.0,1.0
4,1,405,1.0,1.0
4,2,406,1.0,1.0
4,3,407,1.0,1.0
4,4,400,1.0,1.0
4,5,401,1.0,1.0
4,6,402,1.0,1.0
4,7,403,1.0,1.0
5,0,405,1.0,1.0
5,1,406,1.0,1.0
5,2,407,1.0,1.0
5,3,400,1.0,1.0
5,4,401,1.0,1.0
5,5,402,1.0,1.0
5,6,403,1.0,1.0
5,7,404,1.0,1.0
6,0,406,1.0,1.0
6,1,407,1.0,1.0
6,2,400,1.0,1.0
6,3,401,1.0,1.0
6,4,402,1.0,1.0
6,5,403,1.0,1.0
6,6,404,1.0,1.0
6,7,405,1.0,1.0
7,0,407,1.0,1.0
7,1,400,1.0,1.0
7,2,401,1.0,1.0
7,3,402,1.0,1.0
7,4,403,1.0,1.0
7,5,404,1.0,1.0
7,6,405,1.0,1.0
7,7,406,1.0,1.0
0,0,408,1.0,1.0
0,1,409,1.0,1.0
0,2,410,1.0,1.0
0,3,411,1.0,1.0
0,4,412,1.0,1.0
0,5,413,1.0,1.0
0,6,414,1.0,1.0
0,7,415,1.0,1.0
1,0,409,1.0,1.0
1,1,410,1.0,1.0
1,2,411,1.0,1.0
1,3,412,1.0,1.0
1,4,413,1.0,1.0
1,5,414,1.0,1.0
1,6,415,1.0,1.0
1,7,408,1.0,1.0
2,0,410,1.0,1.0
2,1,411,1.0,1.0
2,2,412,1.0,1.0
2,3,413,1.0,1.0
2,4,414,1.0,1.0
2,5,415,1.0,1.0
2,6,408,1.0,1.0
2,7,409,1.0,1.0
3,0,411,1.0,1.0
3,1,412,1.0,1.0
3,2,413,1.0,1.0
3,3,414,1.0,1.0
3,4,415,1.0,1.0
3,5,408,1.0,1.0
3,6,409,1.0,1.0
3,7,410,1.0,1.0
4,0,412,1.0,1.0
4,1,413,1.0,1.0
4,2,414,1.0,1.0
4,3,415,1.0,1.0
4,4,408,1.0,1.0
4,5,409,1.0,1.0
4,6,410,1.0,1.0
4,7,411,1.0,1.0
5,0,413,1.0,1.0
5,1,414,1.0,1.0
5,2,415,1.0,1.0
5,3,408,1.0,1.0
5,4,409,1.0,1.0
5,5,410,1.0,1.0
5,6,411,1.0,1.0
5,7,412,1.0,1.0
6,0,414,1.0,1.0
6,1,415,1.0,1.0
6,2,408,1.0,1.0
6,3,409,1.0,1.0
6,4,410,1.0,1.0
6,5,411,1.0,1.0
6,6,412,1.0,1.0
6,7,413,1.0,1.0
7,0,415,1.0,1.0
7,1,408,1.0,1.0
7,2,409,1.0,1.0
7,3,410,1.0,1.0
7,4,411,1.0,1.0
7,5,412,1.0,1.0
7,6,413,1.0,1.0
7,7,414,1.0,1.0
0,0,416,1.0,1.0
0,1,417,1.0,1.0
0,2,418,1.0,1.0
0,3,419,1.0,1.0
0,4,420,1.0,1.0
0,5,421,1.0,1.0
0,6,422,1.0,1.0
0,7,423,1.0,1.0
1,0,417,1.0,1.0
1,1,418,1.0,1.0
1,2,419,1.0,1.0
1,3,420,1.0,1.0
1,4,421,1.0,1.0
1,5,422,1.0,1.0
1,6,423,1.0,1.0
1,7,416,1.0,1.0
2,0,418,1.0,1.0
2,1,419,1.0,1.0
2,2,420,1.0,1.0
2,3,421,1.0,1.0
2,4,422,1.0,1.0
2,5,423,1.0,1.0
2,6,416,1.0,1.0
2,7,417,1.0,1.0
3,0,419,1.0,1.0
3,1,420,1.0,1.0
3,2,421,1.0,1.0
3,3,422,1.0,1.0
3,4,423,1.0,1.0
3,5,416,1.0,1.0
3,6,417,1.0,1.0
3,7,418,1.0,1.0
4,0,420,1.0,1.0
4,1,421,1.0,1.0
4,2,422,1.0,1.0
4,3,423,1.0,1.0
4,4,416,1.0,1.0
4,5,417,1.0,1.0
4,6,418,1.0,1.0
4,7,419,1.0,1.0
5,0,421,1.0,1.0
5,1,422,1.0,1.0
5,2,423,1.0,1.0
5,3,416,1.0,1.0
5,4,417,1.0,1.0
5,5,418,1.0,1.0
5,6,419,1.0,1.0
5,7,420,1.0,1.0
6,0,422,1.0,1.0
6,1,423,1.0,1.0
6,2,416,1.0,1.0
6,3,417,1.0,1.0
6,4,418,1.0,1.0
6,5,419,1.0,1.0
6,6,420,1.0,1.0
6,7,421,1.0,1.0
7,0,423,1.0,1.0
7,1,416,1.0,1.0
7,2,417,1.0,1.0
7,3,418,1.0,1.0
7,4,419,1.0,1.0
7,5,420,1.0,1.0
7,6,421,1.0,1.0
7,7,422,1.0,1.0
0,0,424,1.0,1.0
0,1,425,1.0,1.0
0,2,426,1.0,1.0
0,3,427,1.0,1.0
0,4,428,1.0,1.0
0,5,429,1.0,1.0
0,6,430,1.0,1.0
0,7,431,1.0,1.0
1,0,425,1.0,1.0
1,1,426,1.0,1.0
1,2,427,1.0,1.0
1,3,428,1.0,1.0
1,4,429,1.0,1.0
1,5,430,1.0,1.0
1,6,431,1.0,1.0
1,7,424,1.0,1.0
2,0,426,1.0,1.0
2,1,427,1.0,1.0
2,2,428,1.0,1.0
2,3,429,1.0,1.0
2,4,430,1.0,1.0
2,5,431,1.0,1.0
2,6,424,1.0,1.0
2,7,425,1.0,1.0
3,0,427,1.0,1.0
3,1,428,1.0,1.0
3,2,429,1.0,1.0
3,3,430,1.0,1.0
3,4,431,1.0,1.0
3,5,424,1.0,1.0
3,6,425,1.0,1.0
3,7,426,1.0,1.0
4,0,428,1.0,1.0
4,1,429,1.0,1.0
4,2,430,1.0,1.0
4,3,431,1.0,1.0
4,4,424,1.0,1.0
4,5,425,1.0,1.0
4,6,426,1.0,1.0
4,7,427,1.0,1.0
5,0,429,1.0,1.0
5,1,430,1.0,1.0
5,2,431,1.0,1.0
5,3,424,1.0,1.0
5,4,425,1.0,1.0
5,5,426,1.0,1.0
5,6,427,1.0,1.0
5,7,428,1.0,1.0
6,0,430,1.0,1.0
6,1,431,1.0,1.0
6,2,424,1.0,1.0
6,3,425,1.0,1.0
6,4,426,1.0,1.0
6,5,427,1.0,1.0
6,6,428,1.0,1.0
6,7,429,1.0,1.0
7,0,431,1.0,1.0
7,1,424,1.0,1.0
7,2,425,1.0,1.0
7,3,426,1.0,1.0
7,4,427,1.0,1.0
7,5,428,1.0,1.0
7,6,429,1.0,1.0
7,7,430,1.0,1.0
0,0,432,1.0,1.0
0,1,433,1.0,1.0
0,2,434,1.0,1.0
0,3,435,1.0,1.0
0,4,436,1.0,1.0
0,5,437,1.0,1.0
0,6,438,1.0,1.0
0,7,439,1.0,1.0
1,0,433,1.0,1.0
1,1,434,1.0,1.0
1,2,435,1.0,1.0
1,3,436,1.0,1.0
1,4,437,1.0,1.0
1,5,438,1.0,1.0
1,6,439,1.0,1.0
1,7,432,1.0,1.0
2,0,434,1.0,1.0
2,1,435,1.0,1.0
2,2,436,1.0,1.0
2,3,437,1.0,1.0
2,4,438,1.0,1.0
2,5,439,1.0,1.0
2,6,432,1.0,1.0
2,7,433,1.0,1.0
3,0,435,1.0,1.0
3,1,436,1.0,1.0
3,2,437,1.0,1.0
3,3,438,1.0,1.0
3,4,439,1.0,1.0
3,5,432,1.0,1.0
3,6,433,1.0,1.0
3,7,434,1.0,1.0
4,0,436,1.0,1.0
4,1,437,1.0,1.0
4,2,438,1.0,1.0
4,3,439,1.0,1.0
4,4,432,1.0,1.0
4,5,433,1.0,1.0
4,6,434,1.0,1.0
4,7,435,1.0,1.0
5,0,437,1.0,1.0
5,1,438,1.0,1.0
5,2,439,1.0,1.0
5,3,432,1.0,1.0
5,4,433,1.0,1.0
5,5,434,1.0,1.0
5,6,435,1.0,1.0
5,7,436,1.0,1.0
6,0,438,1.0,1.0
6,1,439,1.0,1.0
6,2,432,1.0,1.0
6,3,433,1.0,1.0
6,4,434,1.0,1.0
6,5,435,1.0,1.0
6,6,436,1.0,1.0
6,7,437,1.0,1.0
7,0,439,1.0,1.0
7,1,432,1.0,1.0
7,2,433,1.0,1.0
7,3,434,1.0,1.0
7,4,435,1.0,1.0
7,5,436,1.0,1.0
7,6,437,1.0,1.0
7,7,438,1.0,1.0
0,0,440,1.0,1.0
0,1,441,1.0,1.0
0,2,442,1.0,1.0
0,3,443,1.0,1.0
0,4,444,1.0,1.0
0,5,445,1.0,1.0
0,6,446,1.0,1.0
0,7,447,1.0,1.0
1,0,441,1.0,1.0
1,1,442,1.0,1.0
1,2,443,1.0,1.0
1,3,444,1.0,1.0
1,4,445,1.0,1.0
1,5,446,1.0,1.0
1,6,447,1.0,1.0
1,7,440,1.0,1.0
2,0,442,1.0,1.0
2,1,443,1.0,1.0
2,2,444,1.0,1.0
2,3,445,1.0,1.0
2,4,446,1.0,1.0
2,5,447,1.0,1.0
2,6,440,1.0,1.0
2,7,441,1.0,1.0
3,0,443,1.0,1.0
3,1,444,1.0,1.0
3,2,445,1.0,1.0
3,3,446,1.0,1.0
3,4,447,1.0,1.0
3,5,440,1.0,1.0
3,6,441,1.0,1.0
3,7,442,1.0,1.0
4,0,444,1.0,1.0
4,1,445,1.0,1.0
4,2,446,1.0,1.0
4,3,447,1.0,1.0
4,4,440,1.0,1.0
4,5,441,1.0,1.0
4,6,442,1.0,1.0
4,7,443,1.0,1.0
5,0,445,1.0,1.0
5,1,446,1.0,1.0
5,2,447,1.0,1.0
5,3,440,1.0,1.0
5,4,441,1.0,1.0
5,5,442,1.0,1.0
5,6,443,1.0,1.0
5,7,444,1.0,1.0
6,0,446,1.0,1.0
6,1,447,1.0,1.0
6,2,440,1.0,1.0
6,3,441,1.0,1.0
6,4,442,1.0,1.0
6,5,443,1.0,1.0
6,6,444,1.0,1.0
6,7,445,1.0,1.0
7,0,447,1.0,1.0
7,1,440,1.0,1.0
7,2,441,1.0,1.0
7,3,442,1.0,1.0
7,4,443,1.0,1.0
7,5,444,1.0,1.0
7,6,445,1.0,1.0
7,7,446,1.0,1.0
0,0,448,1.0,1.0
0,1,449,1.0,1.0
0,2,450,1.0,1.0
0,3,451,1.0,1.0
0,4,452,1.0,1.0
0,5,453,1.0,1.0
0,6,454,1.0,1.0
0,7,455,1.0,1.0
1,0,449,1.0,1.0
1,1,450,1.0,1.0
1,2,451,1.0,1.0
1,3,452,1.0,1.0
1,4,453,1.0,1.0
1,5,454,1.0,1.0
1,6,455,1.0,1.0
1,7,448,1.0,1.0
2,0,450,1.0,1.0
2,1,451,1.0,1.0
2,2,452,1.0,1.0
2,3,453,1.0,1.0
2,4,454,1.0,1.0
2,5,455,1.0,1.0
2,6,448,1.0,1.0
2,7,449,1.0,1.0
3,0,451,1.0,1.0
3,1,452,1.0,1.0
3,2,453,1.0,1.0
3,3,454,1.0,1.0
3,4,455,1.0,1.0
3,5,448,1.0,1.0
3,6,449,1.0,1.0
3,7,450,1.0,1.0
4,0,452,1.0,1.0
4,1,453,1.0,1.0
4,2,454,1.0,1.0
4,3,455,1.0,1.0
4,4,448,1.0,1.0
4,5,449,1.0,1.0
4,6,450,1.0,1.0
4,7,451,1.0,1.0
5,0,453,1.0,1.0
5,1,454,1.0,1.0
5,2,455,1.0,1.0
5,3,448,1.0,1.0
5,4,449,1.0,1.0
5,5,450,1.0,1.0
5,6,451,1.0,1.0
5,7,452,1.0,1.0
6,0,454,1.0,1.0
6,1,455,1.0,1.0
6,2,448,1.0,1.0
6,3,449,1.0,1.0
6,4,450,1.0,1.0
6,5,451,1.0,1.0
6,6,452,1.0,1.0
6,7,453,1.0,1.0
7,0,455,1.0,1.0
7,1,448,1.0,1.0
7,2,449,1.0,1.0
7,3,450,1.0,1.0
7,4,451,1.0,1.0
7,5,452,1.0,1.0
7,6,453,1.0,1.0
7,7,454,1.0,1.0
0,0,456,1.0,1.0
0,1,457,1.0,1.0
0,2,458,1.0,1.0
0,3,459,1.0,1.0
0,4,460,1.0,1.0
0,5,461,1.0,1.0
0,6,462,1.0,1.0
0,7,463,1.0,1.0
1,0,457,1.0,1.0
1,1,458,1.0,1.0
1,2,459,1.0,1.0
1,3,460,1.0,1.0
1,4,461,1.0,1.0
1,5,462,1.0,1.0
1,6,463,1.0,1.0
1,7,456,1.0,1.0
2,0,458,1.0,1.0
2,1,459,1.0,1.0
2,2,460,1.0,1.0
2,3,461,1.0,1.0
2,4,462,1.0,1.0
2,5,463,1.0,1.0
2,6,456,1.0,1.0
2,7,457,1.0,1.0
3,0,459,1.0,1.0
3,1,460,1.0,1.0
3,2,461,1.0,1.0
3,3,462,1.0,1.0
3,4,463,1.0,1.0
3,5,456,1.0,1.0
3,6,457,1.0,1.0
3,7,458,1.0,1.0
4,0,460,1.0,1.0
4,1,461,1.0,1.0
4,2,462,1.0,1.0
4,3,463,1.0,1.0
4,4,456,1.0,1.0
4,5,457,1.0,1.0
4,6,458,1.0,1.0
4,7,459,1.0,1.0
5,0,461,1.0,1.0
5,1,462,1.0,1.0
5,2,463,1.0,1.0
5,3,456,1.0,1.0
5,4,457,1.0,1.0
5,5,458,1.0,1.0
5,6,459,1.0,1.0
5,7,460,1.0,1.0
6,0,462,1.0,1.0
6,1,463,1.0,1.0
6,2,456,1.0,1.0
6,3,457,1.0,1.0
6,4,458,1.0,1.0
6,5,459,1.0,1.0
6,6,460,1.0,1.0
6,7,461,1.0,1.0
7,0,463,1.0,1.0
7,1,456,1.0,1.0
7,2,457,1.0,1.0
7,3,458,1.0,1.0
7,4,459,1.0,1.0
7,5,460,1.0,1.0
7,6,461,1.0,1.0
7,7,462,1.0,1.0
0,0,464,1.0,1.0
0,1,465,1.0,1.0
0,2,466,1.0,1.0
0,3,467,1.0,1.0
0,4,468,1.0,1.0
0,5,469,1.0,1.0
0,6,470,1.0,1.0
0,7,471,1.0,1.0
1,0,465,1.0,1.0
1,1,466,1.0,1.0
1,2,467,1.0,1.0
1,3,468,1.0,1.0
1,4,469,1.0,1.0
1,5,470,1.0,1.0
1,6,471,1.0,1.0
1,7,464,1.0,1.0
2,0,466,1.0,1.0
2,1,467,1.0,1.0
2,2,468,1.0,1.0
2,3,469,1.0,1.0
2,4,470,1.0,1.0
2,5,471,1.0,1.0
2,6,464,1.0,1.0
2,7,465,1.0,1.0
3,0,467,1.0,1.0
3,1,468,1.0,1.0
3,2,469,1.0,1.0
3,3,470,1.0,1.0
3,4,471,1.0,1.0
3,5,464,1.0,1.0
3,6,465,1.0,1.0
3,7,466,1.0,1.0
4,0,468,1.0,1.0
4,1,469,1.0,1.0
4,2,470,1.0,1.0
4,3,471,1.0,1.0
4,4,464,1.0,1.0
4,5,465,1.0,1.0
4,6,466,1.0,1.0
4,7,467,1.0,1.0
5,0,469,1.0,1.0
5,1,470,1.0,1.0
5,2,471,1.0,1.0
5,3,464,1.0,1.0
5,4,465,1.0,1.0
5,5,466,1.0,1.0
5,6,467,1.0,1.0
5,7,468,1.0,1.0
6,0,470,1.0,1.0
6,1,471,1.0,1.0
6,2,464,1.0,1.0
6,3,465,1.0,1.0
6,4,466,1.0,1.0
6,5,467,1.0,1.0
6,6,468,1.0,1.0
6,7,469,1.0,1.0
7,0,471,1.0,1.0
7,1,464,1.0,1.0
7,2,465,1.0,1.0
7,3,466,1.0,1.0
7,4,467,1.0,1.0
7,5,468,1.0,1.0
7,6,469,1.0,1.0
7,7,470,1.0,1.0
0,0,472,1.0,1.0
0,1,473,1.0,1.0
0,2,474,1.0,1.0
0,3,475,1.0,1.0
0,4,476,1.0,1.0
0,5,477,1.0,1.0
0,6,478,1.0,1.0
0,7,479,1.0,1.0
1,0,473,1.0,1.0
1,1,474,1.0,1.0
1,2,475,1.0,1.0
1,3,476,1.0,1.0
1,4,477,1.0,1.0
1,5,478,1.0,1.0
1,6,479,1.0,1.0
1,7,472,1.0,1.0
2,0,474,1.0,1.0
2,1,475,1.0,1.0
2,2,476,1.0,1.0
2,3,477,1.0,1.0
2,4,478,1.0,1.0
2,5,479,1.0,1.0
2,6,472,1.0,1.0
2,7,473,1.0,1.0
3,0,475,1.0,1.0
3,1,476,1.0,1.0
3,2,477,1.0,1.0
3,3,478,1.0,1.0
3,4,479,1.0,1.0
3,5,472,1.0,1.0
3,6,473,1.0,1.0
3,7,474,1.0,1.0
4,0,476,1.0,1.0
4,1,477,1.0,1.0
4,2,478,1.0,1.0
4,3,479,1.0,1.0
4,4,472,1.0,1.0
4,5,473,1.0,1.0
4,6,474,1.0,1.0
4,7,475,1.0,1.0
5,0,477,1.0,1.0
5,1,478,1.0,1.0
5,2,479,1.0,1.0
5,3,472,1.0,1.0
5,4,473,1.0,1.0
5,5,474,1.0,1.0
5,6,475,1.0,1.0
5,7,476,1.0,1.0
6,0,478,1.0,1.0
6,1,479,1.0,1.0
6,2,472,1.0,1.0
6,3,473,1.0,1.0
6,4,474,1.0,1.0
6,5,475,1.0,1.0
6,6,476,1.0,1.0
6,7,477,1.0,1.0
7,0,479,1.0,1.0
7,1,472,1.0,1.0
7,2,473,1.0,1.0
7,3,474,1.0,1.0
7,4,475,1.0,1.0
7,5,476,1.0,1.0
7,6,477,1.0,1.0
7,7,478,1.0,1.0
0,0,480,1.0,1.0
0,1,481,1.0,1.0
0,2,482,1.0,1.0
0,3,483,1.0,1.0
0,4,484,1.0,1.0
0,5,485,1.0,1.0
0,6,486,1.0,1.0
0,7,487,1.0,1.0
1,0,481,1.0,1.0
1,1,482,1.0,1.0
1,2,483,1.0,1.0
1,3,484,1.0,1.0
1,4,485,1.0,1.0
1,5,486,1.0,1.0
1,6,487,1.0,1.0
1,7,480,1.0,1.0
2,0,482,1.0,1.0
2,1,483,1.0,1.0
2,2,484,1.0,1.0
2,3,485,1.0,1.0
2,4,486,1.0,1.0
2,5,487,1.0,1.0
2,6,480,1.0,1.0
2,7,481,1.0,1.0
3,0,483,1.0,1.0
3,1,484,1.0,1.0
3,2,485,1.0,1.0
3,3,486,1.0,1.0
3,4,487,1.0,1.0
3,5,480,1.0,1.0
3,6,481,1.0,1.0
3,7,482,1.0,1.0
4,0,484,1.0,1.0
4,1,485,1.0,1.0
4,2,486,1.0,1.0
4,3,487,1.0,1.0
4,4,480,1.0,1.0
4,5,481,1.0,1.0
4,6,482,1.0,1.0
4,7,483,1.0,1.0
5,0,485,1.0,1.0
5,1,486,1.0,1.0
5,2,487,1.0,1.0
5,3,480,1.0,1.0
5,4,481,1.0,1.0
5,5,482,1.0,1.0
5,6,483,1.0,1.0
5,7,484,1.0,1.0
6,0,486,1.0,1.0
6,1,487,1.0,1.0
6,2,480,1.0,1.0
6,3,481,1.0,1.0
6,4,482,1.0,1.0
6,5,483,1.0,1.0
6,6,484,1.0,1.0
6,7,485,1.0,1.0
7,0,487,1.0,1.0
7,1,480,1.0,1.0
7,2,481,1.0,1.0
7,3,482,1.0,1.0
7,4,483,1.0,1.0
7,5,484,1.0,1.0
7,6,485,1.0,1.0
7,7,486,1.0,1.0
0,0,488,1.0,1.0
0,1,489,1.0,1.0
0,2,490,1.0,1.0
0,3,491,1.0,1.0
0,4,492,1.0,1.0
0,5,493,1.0,1.0
0,6,494,1.0,1.0
0,7,495,1.0,1.0
1,0,489,1.0,1.0
1,1,490,1.0,1.0
1,2,491,1.0,1.0
1,3,492,1.0,1.0
1,4,493,1.0,1.0
1,5,494,1.0,1.0
1,6,495,1.0,1.0
1,7,488,1.0,1.0
2,0,490,1.0,1.0
2,1,491,1.0,1.0
2,2,492,1.0,1.0
2,3,493,1.0,1.0
2,4,494,1.0,1.0
2,5,495,1.0,1.0
2,6,488,1.0,1.0
2,7,489,1.0,1.0
3,0,491,1.0,1.0
3,1,492,1.0,1.0
3,2,493,1.0,1.0
3,3,494,1.0,1.0
3,4,495,1.0,1.0
3,5,488,1.0,1.0
3,6,489,1.0,1.0
3,7,490,1.0,1.0
4,0,492,1.0,1.0
4,1,493,1.0,1.0
4,2,494,1.0,1.0
4,3,495,1.0,1.0
4,4,488,1.0,1.0
4,5,489,1.0,1.0
4,6,490,1.0,1.0
4,7,491,1.0,1.0
5,0,493,1.0,1.0
5,1,494,1.0,1.0
5,2,495,1.0,1.0
5,3,488,1.0,1.0
5,4,489,1.0,1.0
5,5,490,1.0,1.0
5,6,491,1.0,1.0
5,7,492,1.0,1.0
6,0,494,1.0,1.0
6,1,495,1.0,1.0
6,2,488,1.0,1.0
6,3,489,1.0,1.0
6,4,490,1.0,1.0
6,5,491,1.0,1.0
6,6,492,1.0,1.0
6,7,493,1.0,1.0
7,0,495,1.0,1.0
7,1,488,1.0,1.0
7,2,489,1.0,1.0
7,3,490,1.0,1.0
7,4,491,1.0,1.0
7,5,492,1.0,1.0
7,6,493,1.0,1.0
7,7,494,1.0,1.0
0,0,496,1.0,1.0
0,1,497,1.0,1.0
0,2,498,1.0,1.0
0,3,499,1.0,1.0
0,4,500,1.0,1.0
0,5,501,1.0,1.0
0,6,502,1.0,1.0
0,7,503,1.0,1.0
1,0,497,1.0,1.0
1,1,498,1.0,1.0
1,2,499,1.0,1.0
1,3,500,1.0,1.0
1,4,501,1.0,1.0
1,5,502,1.0,1.0
1,6,503,1.0,1.0
1,7,496,1.0,1.0
2,0,498,1.0,1.0
2,1,499,1.0,1.0
2,2,500,1.0,1.0
2,3,501,1.0,1.0
2,4,502,1.0,1.0
2,5,503,1.0,1.0
2,6,496,1.0,1.0
2,7,497,1.0,1.0
3,0,499,1.0,1.0
3,1,500,1.0,1.0
3,2,501,1.0,1.0
3,3,502,1.0,1.0
3,4,503,1.0,1.0
3,5,496,1.0,1.0
3,6,497,1.0,1.0
3,7,498,1.0,1.0
4,0,500,1.0,1.0
4,1,501,1.0,1.0
4,2,502,1.0,1.0
4,3,503,1.0,1.0
4,4,496,1.0,1.0
4,5,497,1.0,1.0
4,6,498,1.0,1.0
4,7,499,1.0,1.0
5,0,501,1.0,1.0
5,1,502,1.0,1.0
5,2,503,1.0,1.0
5,3,496,1.0,1.0
5,4,497,1.0,1.0
5,5,498,1.0,1.0
5,6,499,1.0,1.0
5,7,500,1.0,1.0
6,0,502,1.0,1.0
6,1,503,1.0,1.0
6,2,496,1.0,1.0
6,3,497,1.0,1.0
6,4,498,1.0,1.0
6,5,499,1.0,1.0
6,6,500,1.0,1.0
6,7,501,1.0,1.0
7,0,503,1.0,1.0
7,1,496,1.0,1.0
7,2,497,1.0,1.0
7,3,498,1.0,1.0
7,4,499,1.0,1.0
7,5,500,1.0,1.0
7,6,501,1.0,1.0
7,7,502,1.0,1.0
0,0,504,1.0,1.0
0,1,505,1.0,1.0
0,2,506,1.0,1.0
0,3,507,1.0,1.0
0,4,508,1.0,1.0
0,5,509,1.0,1.0
0,6,510,1.0,1.0
0,7,511,1.0,1.0
1,0,505,1.0,1.0
1,1,506,1.0,1.0
1,2,507,1.0,1.0
1,3,508,1.0,1.0
1,4,509,1.0,1.0
1,5,510,1.0,1.0
1,6,511,1.0,1.0
1,7,504,1.0,1.0
2,0,506,1.0,1.0
2,1,507,1.0,1.0
2,2,508,1.0,1.0
2,3,509,1.0,1.0
2,4,510,1.0,1.0
2,5,511,1.0,1.0
2,6,504,1.0,1.0
2,7,505,1.0,1.0
3,0,507,1.0,1.0
3,1,508,1.0,1.0
3,2,509,1.0,1.0
3,3,510,1.0,1.0
3,4,511,1.0,1.0
3,5,504,1.0,1.0
3,6,505,1.0,1.0
3,7,506,1.0,1.0
4,0,508,1.0,1.0
4,1,509,1.0,1.0
4,2,510,1.0,1.0
4,3,511,1.0,1.0
4,4,504,1.0,1.0
4,5,505,1.0,1.0
4,6,506,1.0,1.0
4,7,507,1.0,1.0
5,0,509,1.0,1.0
5,1,510,1.0,1.0
5,2,511,1.0,1.0
5,3,504,1.0,1.0
5,4,505,1.0,1.0
5,5,506,1.0,1.0
5,6,507,1.0,1.0
5,7,508,1.0,1.0
6,0,510,1.0,1.0
6,1,511,1.0,1.0
6,2,504,1.0,1.0
6,3,505,1.0,1.0
6,4,506,1.0,1.0
6,5,507,1.0,1.0
6,6,508,1.0,1.0
6,7,509,1.0,1.0
7,0,511,1.0,1.0
7,1,504,1.0,1.0
7,2,505,1.0,1.0
7,3,506,1.0,1.0
7,4,507,1.0,1.0
7,5,508,1.0,1.0
7,6,509,1.0,1.0
7,7,510,1.0,1.0
0,0,512,1.0,1.0
0,1,513,1.0,1.0
0,2,514,1.0,1.0
0,3,515,1.0,1.0
0,4,516,1.0,1.0
0,5,517,1.0,1.0
0,6,518,1.0,1.0
0,7,519,1.0,1.0
1,0,513,1.0,1.0
1,1,514,1.0,1.0
1,2,515,1.0,1.0
1,3,516,1.0,1.0
1,4,517,1.0,1.0
1,5,518,1.0,1.0
1,6,519,1.0,1.0
1,7,512,1.0,1.0
2,0,514,1.0,1.0
2,1,515,1.0,1.0
2,2,516,1.0,1.0
2,3,517,1.0,1.0
2,4,518,1.0,1.0
2,5,519,1.0,1.0
2,6,512,1.0,1.0
2,7,513,1.0,1.0
3,0,515,1.0,1.0
3,1,516,1.0,1.0
3,2,517,1.0,1.0
3,3,518,1.0,1.0
3,4,519,1.0,1.0
3,5,512,1.0,1.0
3,6,513,1.0,1.0
3,7,514,1.0,1.0
4,0,516,1.0,1.0
4,1,517,1.0,1.0
4,2,518,1.0,1.0
4,3,519,1.0,1.0
4,4,512,1.0,1.0
4,5,513,1.0,1.0
4,6,514,1.0,1.0
4,7,515,1.0,1.0
5,0,517,1.0,1.0
5,1,518,1.0,1.0
5,2,519,1.0,1.0
5,3,512,1.0,1.0
5,4,513,1.0,1.0
5,5,514,1.0,1.0
5,6,515,1.0,1.0
5,7,516,1.0,1.0
6,0,518,1.0,1.0
6,1,519,1.0,1.0
6,2,512,1.0,1.0
6,3,513,1.0,1.0
6,4,514,1.0,1.0
6,5,515,1.0,1.0
6,6,516,1.0,1.0
6,7,517,1.0,1.0
7,0,519,1.0,1.0
7,1,512,1.0,1.0
7,2,513,1.0,1.0
7,3,514,1.0,1.0
7,4,515,1.0,1.0
7,5,516,1.0,1.0
7,6,517,1.0,1.0
7,7,518,1.0,1.0
0,0,520,1.0,1.0
0,1,521,1.0,1.0
0,2,522,1.0,1.0
0,3,523,1.0,1.0
0,4,524,1.0,1.0
0,5,525,1.0,1.0
0,6,526,1.0,1.0
0,7,527,1.0,1.0
1,0,521,1.0,1.0
1,1,522,1.0,1.0
1,2,523,1.0,1.0
1,3,524,1.0,1.0
1,4,525,1.0,1.0
1,5,526,1.0,1.0
1,6,527,1.0,1.0
1,7,520,1.0,1.0
2,0,522,1.0,1.0
2,1,523,1.0,1.0
2,2,524,1.0,1.0
2,3,525,1.0,1.0
2,4,526,1.0,1.0
2,5,527,1.0,1.0
2,6,520,1.0,1.0
2,7,521,1.0,1.0
3,0,523,1.0,1.0
3,1,524,1.0,1.0
3,2,525,1.0,1.0
3,3,526,1.0,1.0
3,4,527,1.0,1.0
3,5,520,1.0,1.0
3,6,521,1.0,1.0
3,7,522,1.0,1.0
4,0,524,1.0,1.0
4,1,525,1.0,1.0
4,2,526,1.0,1.0
4,3,527,1.0,1.0
4,4,520,1.0,1.0
4,5,521,1.0,1.0
4,6,522,1.0,1.0
4,7,523,1.0,1.0
5,0,525,1.0,1.0
5,1,526,1.0,1.0
5,2,527,1.0,1.0
5,3,520,1.0,1.0
5,4,521,1.0,1.0
5,5,522,1.0,1.0
5,6,523,1.0,1.0
5,7,524,1.0,1.0
6,0,526,1.0,1.0
6,1,527,1.0,1.0
6,2,520,1.0,1.0
6,3,521,1.0,1.0
6,4,522,1.0,1.0
6,5,523,1.0,1.0
6,6,524,1.0,1.0
6,7,525,1.0,1.0
7,0,527,1.0,1.0
7,1,520,1.0,1.0
7,2,521,1.0,1.0
7,3,522,1.0,1.0
7,4,523,1.0,1.0
7,5,524,1.0,1.0
7,6,525,1.0,1.0
7,7,526,1.0,1.0
0,0,528,1.0,1.0
0,1,529,1.0,1.0
0,2,530,1.0,1.0
0,3,531,1.0,1.0
0,4,532,1.0,1.0
0,5,533,1.0,1.0
0,6,534,1.0,1.0
0,7,535,1.0,1.0
1,0,529,1.0,1.0
1,1,530,1.0,1.0
1,2,531,1.0,1.0
1,3,532,1.0,1.0
1,4,533,1.0,1.0
1,5,534,1.0,1.0
1,6,535,1.0,1.0
1,7,528,1.0,1.0
2,0,530,1.0,1.0
2,1,531,1.0,1.0
2,2,532,1.0,1.0
2,3,533,1.0,1.0
2,4,534,1.0,1.0
2,5,535,1.0,1.0
2,6,528,1.0,1.0
2,7,529,1.0,1.0
3,0,531,1.0,1.0
3,1,532,1.0,1.0
3,2,533,1.0,1.0
3,3,534,1.0,1.0
3,4,535,1.0,1.0
3,5,528,1.0,1.0
3,6,529,1.0,1.0
3,7,530,1.0,1.0
4,0,532,1.0,1.0
4,1,533,1.0,1.0
4,2,534,1.0,1.0
4,3,535,1.0,1.0
4,4,528,1.0,1.0
4,5,529,1.0,1.0
4,6,530,1.0,1.0
4,7,531,1.0,1.0
5,0,533,1.0,1.0
5,1,534,1.0,1.0
5,2,535,1.0,1.0
5,3,528,1.0,1.0
5,4,529,1.0,1.0
5,5,530,1.0,1.0
5,6,531,1.0,1.0
5,7,532,1.0,1.0
6,0,534,1.0,1.0
6,1,535,1.0,1.0
6,2,528,1.0,1.0
6,3,529,1.0,1.0
6,4,530,1.0,1.0
6,5,531,1.0,1.0
6,6,532,1.0,1.0
6,7,533,1.0,1.0
7,0,535,1.0,1.0
7,1,528,1.0,1.0
7,2,529,1.0,1.0
7,3,530,1.0,1.0
7,4,531,1.0,1.0
7,5,532,1.0,1.0
7,6,533,1.0,1.0
7,7,534,1.0,1.0
0,0,536,1.0,1.0
0,1,537,1.0,1.0
0,2,538,1.0,1.0
0,3,539,1.0,1.0
0,4,540,1.0,1.0
0,5,541,1.0,1.0
0,6,542,1.0,1.0
0,7,543,1.0,1.0
1,0,537,1.0,1.0
1,1,538,1.0,1.0
1,2,539,1.0,1.0
1,3,540,1.0,1.0
1,4,541,1.0,1.0
1,5,542,1.0,1.0
1,6,543,1.0,1.0
1,7,536,1.0,1.0
2,0,538,1.0,1.0
2,1,539,1.0,1.0
2,2,540,1.0,1.0
2,3,541,1.0,1.0
2,4,542,1.0,1.0
2,5,543,1.0,1.0
2,6,536,1.0,1.0
2,7,537,1.0,1.0
3,0,539,1.0,1.0
3,1,540,1.0,1.0
3,2,541,1.0,1.0
3,3,542,1.0,1.0
3,4,543,1.0,1.0
3,5,536,1.0,1.0
3,6,537,1.0,1.0
3,7,538,1.0,1.0
4,0,540,1.0,1.0
4,1,541,1.0,1.0
4,2,542,1.0,1.0
4,3,543,1.0,1.0
4,4,536,1.0,1.0
4,5,537,1.0,1.0
4,6,538,1.0,1.0
4,7,539,1.0,1.0
5,0,541,1.0,1.0
5,1,542,1.0,1.0
5,2,543,1.0,1.0
5,3,536,1.0,1.0
5,4,537,1.0,1.0
5,5,538,1.0,1.0
5,6,539,1.0,1.0
5,7,540,1.0,1.0
6,0,542,1.0,1.0
6,1,543,1.0,1.0
6,2,536,1.0,1.0
6,3,537,1.0,1.0
6,4,538,1.0,1.0
6,5,539,1.0,1.0
6,6,540,1.0,1.0
6,7,541,1.0,1.0
7,0,543,1.0,1.0
7,1,536,1.0,1.0
7,2,537,1.0,1.0
7,3,538,1.0,1.0
7,4,539,1.0,1.0
7,5,540,1.0,1.0
7,6,541,1.0,1.0
7,7,542,1.0,1.0
0,0,544,1.0,1.0
0,1,545,1.0,1.0
0,2,546,1.0,1.0
0,3,547,1.0,1.0
0,4,548,1.0,1.0
0,5,549,1.0,1.0
0,6,550,1.0,1.0
0,7,551,1.0,1.0
1,0,545,1.0,1.0
1,1,546,1.0,1.0
1,2,547,1.0,1.0
1,3,548,1.0,1.0
1,4,549,1.0,1.0
1,5,550,1.0,1.0
1,6,551,1.0,1.0
1,7,544,1.0,1.0
2,0,546,1.0,1.0
2,1,547,1.0,1.0
2,2,548,1.0,1.0
2,3,549,1.0,1.0
2,4,550,1.0,1.0
2,5,551,1.0,1.0
2,6,544,1.0,1.0
2,7,545,1.0,1.0
3,0,547,1.0,1.0
3,1,548,1.0,1.0
3,2,549,1.0,1.0
3,3,550,1.0,1.0
3,4,551,1.0,1.0
3,5,544,1.0,1.0
3,6,545,1.0,1.0
3,7,546,1.0,1.0
4,0,548,1.0,1.0
4,1,549,1.0,1.0
4,2,550,1.0,1.0
4,3,551,1.0,1.0
4,4,544,1.0,1.0
4,5,545,1.0,1.0
4,6,546,1.0,1.0
4,7,547,1.0,1.0
5,0,549,1.0,1.0
5,1,550,1.0,1.0
5,2,551,1.0,1.0
5,3,544,1.0,1.0
5,4,545,1.0,1.0
5,5,546,1.0,1.0
5,6,547,1.0,1.0
5,7,548,1.0,1.0
6,0,550,1.0,1.0
6,1,551,1.0,1.0
6,2,544,1.0,1.0
6,3,545,1.0,1.0
6,4,546,1.0,1.0
6,5,547,1.0,1.0
6,6,548,1.0,1.0
6,7,549,1.0,1.0
7,0,551,1.0,1.0
7,1,544,1.0,1.0
7,2,545,1.0,1.0
7,3,546,1.0,1.0
7,4,547,1.0,1.0
7,5,548,1.0,1.0
7,6,549,1.0,1.0
7,7,550,1.0,1.0
0,0,552,1.0,1.0
0,1,553,1.0,1.0
0,2,554,1.0,1.0
0,3,555,1.0,1.0
0,4,556,1.0,1.0
0,5,557,1.0,1.0
0,6,558,1.0,1.0
0,7,559,1.0,1.0
1,0,553,1.0,1.0
1,1,554,1.0,1.0
1,2,555,1.0,1.0
1,3,556,1.0,1.0
1,4,557,1.0,1.0
1,5,558,1.0,1.0
1,6,559,1.0,1.0
1,7,552,1.0,1.0
2,0,554,1.0,1.0
2,1,555,1.0,1.0
2,2,556,1.0,1.0
2,3,557,1.0,1.0
2,4,558,1.0,1.0
2,5,559,1.0,1.0
2,6,552,1.0,1.0
2,7,553,1.0,1.0
3,0,555,1.0,1.0
3,1,556,1.0,1.0
3,2,557,1.0,1.0
3,3,558,1.0,1.0
3,4,559,1.0,1.0
3,5,552,1.0,1.0
3,6,553,1.0,1.0
3,7,554,1.0,1.0
4,0,556,1.0,1.0
4,1,557,1.0,1.0
4,2,558,1.0,1.0
4,3,559,1.0,1.0
4,4,552,1.0,1.0
4,5,553,1.0,1.0
4,6,554,1.0,1.0
4,7,555,1.0,1.0
5,0,557,1.0,1.0
5,1,558,1.0,1.0
5,2,559,1.0,1.0
5,3,552,1.0,1.0
5,4,553,1.0,1.0
5,5,554,1.0,1.0
5,6,555,1.0,1.0
5,7,556,1.0,1.0
6,0,558,1.0,1.0
6,1,559,1.0,1.0
6,2,552,1.0,1.0
6,3,553,1.0,1.0
6,4,554,1.0,1.0
6,5,555,1.0,1.0
6,6,556,1.0,1.0
6,7,557,1.0,1.0
7,0,559,1.0,1.0
7,1,552,1.0,1.0
7,2,553,1.0,1.0
7,3,554,1.0,1.0
7,4,555,1.0,1.0
7,5,556,1.0,1.0
7,6,557,1.0,1.0
7,7,558,1.0,1.0
0,0,560,1.0,1.0
0,1,561,1.0,1.0
0,2,562,1.0,1.0
0,3,563,1.0,1.0
0,4,564,1.0,1.0
0,5,565,1.0,1.0
0,6,566,1.0,1.0
0,7,567,1.0,1.0
1,0,561,1.0,1.0
1,1,562,1.0,1.0
1,2,563,1.0,1.0
1,3,564,1.0,1.0
1,4,565,1.0,1.0
1,5,566,1.0,1.0
1,6,567,1.0,1.0
1,7,560,1.0,1.0
2,0,562,1.0,1.0
2,1,563,1.0,1.0
2,2,564,1.0,1.0
2,3,565,1.0,1.0
2,4,566,1.0,1.0
2,5,567,1.0,1.0
2,6,560,1.0,1.0
2,7,561,1.0,1.0
3,0,563,1.0,1.0
3,1,564,1.0,1.0
3,2,565,1.0,1.0
3,3,566,1.0,1.0
3,4,567,1.0,1.0
3,5,560,1.0,1.0
3,6,561,1.0,1.0
3,7,562,1.0,1.0
4,0,564,1.0,1.0
4,1,565,1.0,1.0
4,2,566,1.0,1.0
4,3,567,1.0,1.0
4,4,560,1.0,1.0
4,5,561,1.0,1.0
4,6,562,1.0,1.0
4,7,563,1.0,1.0
5,0,565,1.0,1.0
5,1,566,1.0,1.0
5,2,567,1.0,1.0
5,3,560,1.0,1.0
5,4,561,1.0,1.0
5,5,562,1.0,1.0
5,6,563,1.0,1.0
5,7,564,1.0,1.0
6,0,566,1.0,1.0
6,1,567,1.0,1.0
6,2,560,1.0,1.0
6,3,561,1.0,1.0
6,4,562,1.0,1.0
6,5,563,1.0,1.0
6,6,564,1.0,1.0
6,7,565,1.0,1.0
7,0,567,1.0,1.0
7,1,560,1.0,1.0
7,2,561,1.0,1.0
7,3,562,1.0,1.0
7,4,563,1.0,1.0
7,5,564,1.0,1.0
7,6,565,1.0,1.0
7,7,566,1.0,1.0
0,0,568,1.0,1.0
0,1,569,1.0,1.0
0,2,570,1.0,1.0
0,3,571,1.0,1.0
0,4,572,1.0,1.0
0,5,573,1.0,1.0
0,6,574,1.0,1.0
0,7,575,1.0,1.0
1,0,569,1.0,1.0
1,1,570,1.0,1.0
1,2,571,1.0,1.0
1,3,572,1.0,1.0
1,4,573,1.0,1.0
1,5,574,1.0,1.0
1,6,575,1.0,1.0
1,7,568,1.0,1.0
2,0,570,1.0,1.0
2,1,571,1.0,1.0
2,2,572,1.0,1.0
2,3,573,1.0,1.0
2,4,574,1.0,1.0
2,5,575,1.0,1.0
2,6,568,1.0,1.0
2,7,569,1.0,1.0
3,0,571,1.0,1.0
3,1,572,1.0,1.0
3,2,573,1.0,1.0
3,3,574,1.0,1.0
3,4,575,1.0,1.0
3,5,568,1.0,1.0
3,6,569,1.0,1.0
3,7,570,1.0,1.0
4,0,572,1.0,1.0
4,1,573,1.0,1.0
4,2,574,1.0,1.0
4,3,575,1.0,1.0
4,4,568,1.0,1.0
4,5,569,1.0,1.0
4,6,570,1.0,1.0
4,7,571,1.0,1.0
5,0,573,1.0,1.0
5,1,574,1.0,1.0
5,2,575,1.0,1.0
5,3,568,1.0,1.0
5,4,569,1.0,1.0
5,5,570,1.0,1.0
5,6,571,1.0,1.0
5,7,572,1.0,1.0
6,0,574,1.0,1.0
6,1,575,1.0,1.0
6,2,568,1.0,1.0
6,3,569,1.0,1.0
6,4,570,1.0,1.0
6,5,571,1.0,1.0
6,6,572,1.0,1.0
6,7,573,1.0,1.0
7,0,575,1.0,1.0
7,1,568,1.0,1.0
7,2,569,1.0,1.0
7,3,570,1.0,1.0
7,4,571,1.0,1.0
7,5,572,1.0,1.0
7,6,573,1.0,1.0
7,7,574,1.0,1.0
0,0,576,1.0,1.0
0,1,577,1.0,1.0
0,2,578,1.0,1.0
0,3,579,1.0,1.0
0,4,580,1.0,1.0
0,5,581,1.0,1.0
0,6,582,1.0,1.0
0,7,583,1.0,1.0
1,0,577,1.0,1.0
1,1,578,1.0,1.0
1,2,579,1.0,1.0
1,3,580,1.0,1.0
1,4,581,1.0,1.0
1,5,582,1.0,1.0
1,6,583,1.0,1.0
1,7,576,1.0,1.0
2,0,578,1.0,1.0
2,1,579,1.0,1.0
2,2,580,1.0,1.0
2,3,581,1.0,1.0
2,4,582,1.0,1.0
2,5,583,1.0,1.0
2,6,576,1.0,1.0
2,7,577,1.0,1.0
3,0,579,1.0,1.0
3,1,580,1.0,1.0
3,2,581,1.0,1.0
3,3,582,1.0,1.0
3,4,583,1.0,1.0
3,5,576,1.0,1.0
3,6,577,1.0,1.0
3,7,578,1.0,1.0
4,0,580,1.0,1.0
4,1,581,1.0,1.0
4,2,582,1.0,1.0
4,3,583,1.0,1.0
4,4,576,1.0,1.0
4,5,577,1.0,1.0
4,6,578,1.0,1.0
4,7,579,1.0,1.0
5,0,581,1.0,1.0
5,1,582,1.0,1.0
5,2,583,1.0,1.0
5,3,576,1.0,1.0
5,4,577,1.0,1.0
5,5,578,1.0,1.0
5,6,579,1.0,1.0
5,7,580,1.0,1.0
6,0,582,1.0,1.0
6,1,583,1.0,1.0
6,2,576,1.0,1.0
6,3,577,1.0,1.0
6,4,578,1.0,1.0
6,5,579,1.0,1.0
6,6,580,1.0,1.0
6,7,581,1.0,1.0
7,0,583,1.0,1.0
7,1,576,1.0,1.0
7,2,577,1.0,1.0
7,3,578,1.0,1.0
7,4,579,1.0,1.0
7,5,580,1.0,1.0
7,6,581,1.0,1.0
7,7,582,1.0,1.0
0,0,584,1.0,1.0
0,1,585,1.0,1.0
0,2,586,1.0,1.0
0,3,587,1.0,1.0
0,4,588,1.0,1.0
0,5,589,1.0,1.0
0,6,590,1.0,1.0
0,7,591,1.0,1.0
1,0,585,1.0,1.0
1,1,586,1.0,1.0
1,2,587,1.0,1.0
1,3,588,1.0,1.0
1,4,589,1.0,1.0
1,5,590,1.0,1.0
1,6,591,1.0,1.0
1,7,584,1.0,1.0
2,0,586,1.0,1.0
2,1,587,1.0,1.0
2,2,588,1.0,1.0
2,3,589,1.0,1.0
2,4,590,1.0,1.0
2,5,591,1.0,1.0
2,6,584,1.0,1.0
2,7,585,1.0,1.0
3,0,587,1.0,1.0
3,1,588,1.0,1.0
3,2,589,1.0,1.0
3,3,590,1.0,1.0
3,4,591,1.0,1.0
3,5,584,1.0,1.0
3,6,585,1.0,1.0
3,7,586,1.0,1.0
4,0,588,1.0,1.0
4,1,589,1.0,1.0
4,2,590,1.0,1.0
4,3,591,1.0,1.0
4,4,584,1.0,1.0
4,5,585,1.0,1.0
4,6,586,1.0,1.0
4,7,587,1.0,1.0
5,0,589,1.0,1.0
5,1,590,1.0,1.0
5,2,591,1.0,1.0
5,3,584,1.0,1.0
5,4,585,1.0,1.0
5,5,586,1.0,1.0
5,6,587,1.0,1.0
5,7,588,1.0,1.0
6,0,590,1.0,1.0
6,1,591,1.0,1.0
6,2,584,1.0,1.0
6,3,585,1.0,1.0
6,4,586,1.0,1.0
6,5,587,1.0,1.0
6,6,588,1.0,1.0
6,7,589,1.0,1.0
7,0,591,1.0,1.0
7,1,584,1.0,1.0
7,2,585,1.0,1.0
7,3,586,1.0,1.0
7,4,587,1.0,1.0
7,5,588,1.0,1.0
7,6,589,1.0,1.0
7,7,590,1.0,1.0
0,0,592,1.0,1.0
0,1,593,1.0,1.0
0,2,594,1.0,1.0
0,3,595,1.0,1.0
0,4,596,1.0,1.0
0,5,597,1.0,1.0
0,6,598,1.0,1.0
0,7,599,1.0,1.0
1,0,593,1.0,1.0
1,1,594,1.0,1.0
1,2,595,1.0,1.0
1,3,596,1.0,1.0
1,4,597,1.0,1.0
1,5,598,1.0,1.0
1,6,599,1.0,1.0
1,7,592,1.0,1.0
2,0,594,1.0,1.0
2,1,595,1.0,1.0
2,2,596,1.0,1.0
2,3,597,1.0,1.0
2,4,598,1.0,1.0
2,5,599,1.0,1.0
2,6,592,1.0,1.0
2,7,593,1.0,1.0
3,0,595,1.0,1.0
3,1,596,1.0,1.0
3,2,597,1.0,1.0
3,3,598,1.0,1.0
3,4,599,1.0,1.0
3,5,592,1.0,1.0
3,6,593,1.0,1.0
3,7,594,1.0,1.0
4,0,596,1.0,1.0
4,1,597,1.0,1.0
4,2,598,1.0,1.0
4,3,599,1.0,1.0
4,4,592,1.0,1.0
4,5,593,1.0,1.0
4,6,594,1.0,1.0
4,7,595,1.0,1.0
5,0,597,1.0,1.0
5,1,598,1.0,1.0
5,2,599,1.0,1.0
5,3,592,1.0,1.0
5,4,593,1.0,1.0
5,5,594,1.0,1.0
5,6,595,1.0,1.0
5,7,596,1.0,1.0
6,0,598,1.0,1.0
6,1,599,1.0,1.0
6,2,592,1.0,1.0
6,3,593,1.0,1.0
6,4,594,1.0,1.0
6,5,595,1.0,1.0
6,6,596,1.0,1.0
6,7,597,1.0,1.0
7,0,599,1.0,1.0
7,1,592,1.0,1.0
7,2,593,1.0,1.0
7,3,594,1.0,1.0
7,4,595,1.0,1.0
7,5,596,1.0,1.0
7,6,597,1.0,1.0
7,7,598,1.0,1.0
0,0,600,1.0,1.0
0,1,601,1.0,1.0
0,2,602,1.0,1.0
0,3,603,1.0,1.0
0,4,604,1.0,1.0
0,5,605,1.0,1.0
0,6,606,1.0,1.0
0,7,607,1.0,1.0
1,0,601,1.0,1.0
1,1,602,1.0,1.0
1,2,603,1.0,1.0
1,3,604,1.0,1.0
1,4,605,1.0,1.0
1,5,606,1.0,1.0
1,6,607,1.0,1.0
1,7,600,1.0,1.0
2,0,602,1.0,1.0
2,1,603,1.0,1.0
2,2,604,1.0,1.0
2,3,605,1.0,1.0
2,4,606,1.0,1.0
2,5,607,1.0,1.0
2,6,600,1.0,1.0
2,7,601,1.0,1.0
3,0,603,1.0,1.0
3,1,604,1.0,1.0
3,2,605,1.0,1.0
3,3,606,1.0,1.0
3,4,607,1.0,1.0
3,5,600,1.0,1.0
3,6,601,1.0,1.0
3,7,602,1.0,1.0
4,0,604,1.0,1.0
4,1,605,1.0,1.0
4,2,606,1.0,1.0
4,3,607,1.0,1.0
4,4,600,1.0,1.0
4,5,601,1.0,1.0
4,6,602,1.0,1.0
4,7,603,1.0,1.0
5,0,605,1.0,1.0
5,1,606,1.0,1.0
5,2,607,1.0,1.0
5,3,600,1.0,1.0
5,4,601,1.0,1.0
5,5,602,1.0,1.0
5,6,603,1.0,1.0
5,7,604,1.0,1.0
6,0,606,1.0,1.0
6,1,607,1.0,1.0
6,2,600,1.0,1.0
6,3,601,1.0,1.0
6,4,602,1.0,1.0
6,5,603,1.0,1.0
6,6,604,1.0,1.0
6,7,605,1.0,1.0
7,0,607,1.0,1.0
7,1,600,1.0,1.0
7,2,601,1.0,1.0
7,3,602,1.0,1.0
7,4,603,1.0,1.0
7,5,604,1.0,1.0
7,6,605,1.0,1.0
7,7,606,1.0,1.0
0,0,608,1.0,1.0
0,1,609,1.0,1.0
0,2,610,1.0,1.0
0,3,611,1.0,1.0
0,4,612,1.0,1.0
0,5,613,1.0,1.0
0,6,614,1.0,1.0
0,7,615,1.0,1.0
1,0,609,1.0,1.0
1,1,610,1.0,1.0
1,2,611,1.0,1.0
1,3,612,1.0,1.0
1,4,613,1.0,1.0
1,5,614,1.0,1.0
1,6,615,1.0,1.0
1,7,608,1.0,1.0
2,0,610,1.0,1.0
2,1,611,1.0,1.0
2,2,612,1.0,1.0
2,3,613,1.0,1.0
2,4,614,1.0,1.0
2,5,615,1.0,1.0
2,6,608,1.0,1.0
2,7,609,1.0,1.0
3,0,611,1.0,1.0
3,1,612,1.0,1.0
3,2,613,1.0,1.0
3,3,614,1.0,1.0
3,4,615,1.0,1.0
3,5,608,1.0,1.0
3,6,609,1.0,1.0
3,7,610,1.0,1.0
4,0,612,1.0,1.0
4,1,613,1.0,1.0
4,2,614,1.0,1.0
4,3,615,1.0,1.0
4,4,608,1.0,1.0
4,5,609,1.0,1.0
4,6,610,1.0,1.0
4,7,611,1.0,1.0
5,0,613,1.0,1.0
5,1,614,1.0,1.0
5,2,615,1.0,1.0
5,3,608,1.0,1.0
5,4,609,1.0,1.0
5,5,610,1.0,1.0
5,6,611,1.0,1.0
5,7,612,1.0,1.0
6,0,614,1.0,1.0
6,1,615,1.0,1.0
6,2,608,1.0,1.0
6,3,609,1.0,1.0
6,4,610,1.0,1.0
6,5,611,1.0,1.0
6,6,612,1.0,1.0
6,7,613,1.0,1.0
7,0,615,1.0,1.0
7,1,608,1.0,1.0
7,2,609,1.0,1.0
7,3,610,1.0,1.0
7,4,611,1.0,1.0
7,5,612,1.0,1.0
7,6,613,1.0,1.0
7,7,614,1.0,1.0
0,0,616,1.0,1.0
0,1,617,1.0,1.0
0,2,618,1.0,1.0
0,3,619,1.0,1.0
0,4,620,1.0,1.0
0,5,621,1.0,1.0
0,6,622,1.0,1.0
0,7,623,1.0,1.0
1,0,617,1.0,1.0
1,1,618,1.0,1.0
1,2,619,1.0,1.0
1,3,620,1.0,1.0
1,4,621,1.0,1.0
1,5,622,1.0,1.0
1,6,623,1.0,1.0
1,7,616,1.0,1.0
2,0,618,1.0,1.0
2,1,619,1.0,1.0
2,2,620,1.0,1.0
2,3,621,1.0,1.0
2,4,622,1.0,1.0
2,5,623,1.0,1.0
2,6,616,1.0,1.0
2,7,617,1.0,1.0
3,0,619,1.0,1.0
3,1,620,1.0,1.0
3,2,621,1.0,1.0
3,3,622,1.0,1.0
3,4,623,1.0,1.0
3,5,616,1.0,1.0
3,6,617,1.0,1.0
3,7,618,1.0,1.0
4,0,620,1.0,1.0
4,1,621,1.0,1.0
4,2,622,1.0,1.0
4,3,623,1.0,1.0
4,4,616,1.0,1.0
4,5,617,1.0,1.0
4,6,618,1.0,1.0
4,7,619,1.0,1.0
5,0,621,1.0,1.0
5,1,622,1.0,1.0
5,2,623,1.0,1.0
5,3,616,1.0,1.0
5,4,617,1.0,1.0
5,5,618,1.0,1.0
5,6,619,1.0,1.0
5,7,620,1.0,1.0
6,0,622,1.0,1.0
6,1,623,1.0,1.0
6,2,616,1.0,1.0
6,3,617,1.0,1.0
6,4,618,1.0,1.0
6,5,619,1.0,1.0
6,6,620,1.0,1.0
6,7,621,1.0,1.0
7,0,623,1.0,1.0
7,1,616,1.0,1.0
7,2,617,1.0,1.0
7,3,618,1.0,1.0
7,4,619,1.0,1.0
7,5,620,1.0,1.0
7,6,621,1.0,1.0
7,7,622,1.0,1.0
0,0,624,1.0,1.0
0,1,625,1.0,1.0
0,2,626,1.0,1.0
0,3,627,1.0,1.0
0,4,628,1.0,1.0
0,5,629,1.0,1.0
0,6,630,1.0,1.0
0,7,631,1.0,1.0
1,0,625,1.0,1.0
1,1,626,1.0,1.0
1,2,627,1.0,1.0
1,3,628,1.0,1.0
1,4,629,1.0,1.0
1,5,630,1.0,1.0
1,6,631,1.0,1.0
1,7,624,1.0,1.0
2,0,626,1.0,1.0
2,1,627,1.0,1.0
2,2,628,1.0,1.0
2,3,629,1.0,1.0
2,4,630,1.0,1.0
2,5,631,1.0,1.0
2,6,624,1.0,1.0
2,7,625,1.0,1.0
3,0,627,1.0,1.0
3,1,628,1.0,1.0
3,2,629,1.0,1.0
3,3,630,1.0,1.0
3,4,631,1.0,1.0
3,5,624,1.0,1.0
3,6,625,1.0,1.0
3,7,626,1.0,1.0
4,0,628,1.0,1.0
4,1,629,1.0,1.0
4,2,630,1.0,1.0
4,3,631,1.0,1.0
4,4,624,1.0,1.0
4,5,625,1.0,1.0
4,6,626,1.0,1.0
4,7,627,1.0,1.0
5,0,629,1.0,1.0
5,1,630,1.0,1.0
5,2,631,1.0,1.0
5,3,624,1.0,1.0
5,4,625,1.0,1.0
5,5,626,1.0,1.0
5,6,627,1.0,1.0
5,7,628,1.0,1.0
6,0,630,1.0,1.0
6,1,631,1.0,1.0
6,2,624,1.0,1.0
6,3,625,1.0,1.0
6,4,626,1.0,1.0
6,5,627,1.0,1.0
6,6,628,1.0,1.0
6,7,629,1.0,1.0
7,0,631,1.0,1.0
7,1,624,1.0,1.0
7,2,625,1.0,1.0
7,3,626,1.0,1.0
7,4,627,1.0,1.0
7,5,628,1.0,1.0
7,6,629,1.0,1.0
7,7,630,1.0,1.0
0,0,632,1.0,1.0
0,1,633,1.0,1.0
0,2,634,1.0,1.0
0,3,635,1.0,1.0
0,4,636,1.0,1.0
0,5,637,1.0,1.0
0,6,638,1.0,1.0
0,7,639,1.0,1.0
1,0,633,1.0,1.0
1,1,634,1.0,1.0
1,2,635,1.0,1.0
1,3,636,1.0,1.0
1,4,637,1.0,1.0
1,5,638,1.0,1.0
1,6,639,1.0,1.0
1,7,632,1.0,1.0
2,0,634,1.0,1.0
2,1,635,1.0,1.0
2,2,636,1.0,1.0
2,3,637,1.0,1.0
2,4,638,1.0,1.0
2,5,639,1.0,1.0
2,6,632,1.0,1.0
2,7,633,1.0,1.0
3,0,635,1.0,1.0
3,1,636,1.0,1.0
3,2,637,1.0,1.0
3,3,638,1.0,1.0
3,4,639,1.0,1.0
3,5,632,1.0,1.0
3,6,633,1.0,1.0
3,7,634,1.0,1.0
4,0,636,1.0,1.0
4,1,637,1.0,1.0
4,2,638,1.0,1.0
4,3,639,1.0,1.0
4,4,632,1.0,1.0
4,5,633,1.0,1.0
4,6,634,1.0,1.0
4,7,635,1.0,1.0
5,0,637,1.0,1.0
5,1,638,1.0,1.0
5,2,639,1.0,1.0
5,3,632,1.0,1.0
5,4,633,1.0,1.0
5,5,634,1.0,1.0
5,6,635,1.0,1.0
5,7,636,1.0,1.0
6,0,638,1.0,1.0
6,1,639,1.0,1.0
6,2,632,1.0,1.0
6,3,633,1.0,1.0
6,4,634,1.0,1.0
6,5,635,1.0,1.0
6,6,636,1.0,1.0
6,7,637,1.0,1.0
7,0,639,1.0,1.0
7,1,632,1.0,1.0
7,2,633,1.0,1.0
7,3,634,1.0,1.0
7,4,635,1.0,1.0
7,5,636,1.0,1.0
7,6,637,1.0,1.0
7,7,638,1.0,1.0
